theme_id,n,palette,bg,ink,accent,ink_on_bg,accent_on_bg
T01,1,Moss Plate,#EFE6D2,#26301F,#A4471F,11.09,4.83
T01,2,Seabird Slate,#E8EEF0,#1D2B33,#B23A2A,12.40,5.07
T01,3,Herbarium Sepia,#F1E4C8,#3B2A1A,#8A3B12,10.88,6.14
T01,4,Night Survey,#1B2A2A,#EDE8D8,#E0A63A,12.14,6.86
T01,5,Coastal Chart,#F3F0E4,#14384A,#C4432B,10.86,4.40
T01,6,Fungi Ochre,#F4EBD8,#3A2D22,#7A5A12,11.23,5.37
T02,1,After Hours,#101410,#EDE8DA,#7CFF6B,15.19,14.50
T02,2,Amber Terminal,#14100A,#F2E2B8,#FFB000,14.75,10.34
T02,3,Ice Console,#0B1620,#E4F1FA,#5CC8FF,15.88,9.71
T02,4,Paper Tape,#EFEBDD,#1E1E1E,#C0410F,13.97,4.39
T02,5,Ultraviolet,#120B22,#F1E9FF,#C79BFF,16.27,8.72
T02,6,Hazard Orange,#17130E,#F5EFE3,#FF6A1F,16.14,6.46
T03,1,Parchment & Ember,#F1E3C2,#2E2015,#A33A1D,12.38,5.19
T03,2,Jewel Night,#141327,#F2ECFF,#E7B84B,15.81,9.86
T03,3,Forest Guild,#1E2E24,#EEF0DC,#D9A441,12.32,6.35
T03,4,Star Chart,#0D1B2E,#E8F1FF,#FF8A5B,15.21,7.45
T03,5,Candy Realm,#FFF3E2,#2B1B3D,#C2255C,14.45,5.16
T03,6,Ice Keep,#E6EEF5,#1B2A3A,#2B6CB0,12.45,4.62
T04,1,Kraft & Ink,#F2E8D5,#2B2622,#9C4A2F,12.32,5.03
T04,2,Linen & Blue,#F4F1EA,#1F2A37,#2F5D8A,12.89,6.10
T04,3,Rose Paper,#F8ECE6,#3A2A2C,#A5384F,11.72,5.53
T04,4,Evening Box,#221D1A,#F2E9DC,#D9A15B,13.88,7.31
T04,5,Sage Card,#ECEFE3,#263126,#4F6F31,11.63,4.94
T04,6,Ticket Red,#F6EEDF,#2A2320,#B03A2E,13.40,5.22
T05,1,Cobalt Pop,#1D3FE0,#FFF7E8,#FFD23F,6.95,5.12
T05,2,Sunshine Riot,#FFD23F,#14142B,#D6246E,12.49,3.35
T05,3,Pink Punch,#FF5FA2,#1A0A14,#3A1CC7,6.75,3.41
T05,4,Forest Fizz,#0F5D45,#FFF4DC,#FFB3C8,7.20,4.69
T05,5,Tangerine Night,#14142B,#FFF1DC,#FF8A1F,16.20,7.65
T05,6,Lilac Lemon,#B9A6FF,#150F2E,#2A0F8F,8.74,6.37
T06,1,Ferric Brown,#EFE3CC,#2C2118,#B4432A,12.36,4.38
T06,2,Chrome Type II,#1C1F26,#EEF1F5,#46C2CF,14.56,7.76
T06,3,Neon Side B,#150F26,#F3ECFF,#FF4FA3,16.18,6.12
T06,4,Norelco Grey,#E4E4DF,#1E1E1E,#2E5AA8,13.07,5.24
T06,5,Sunset Dub,#2B1608,#FBE8C8,#F29F05,14.32,7.97
T06,6,Mint Cassette,#DFF3EA,#14302A,#B23A0B,12.21,5.18
T07,1,Phosphor Green,#0B1A0F,#D8FFD0,#39FF6A,16.37,13.42
T07,2,Cabinet Night,#0E0E2A,#FFF4D6,#FF3E7F,17.19,5.60
T07,3,Handheld Olive,#C4CFA1,#1F2A16,#33461F,9.13,6.28
T07,4,Sunset Sprite,#2A1140,#FFEFD5,#FF9F1C,14.82,8.17
T07,5,Two-Tone Blue,#E9F0FF,#10205A,#2B59E6,13.35,5.00
T07,6,Candy Cabinet,#FFEAF3,#3B1039,#C2185B,13.88,5.12
T08,1,Home Stripes,#0F2A5C,#FFFFFF,#FFC233,13.94,8.64
T08,2,Away Red,#FFFFFF,#1A1A1A,#D01E2F,17.40,5.37
T08,3,Night Match,#0B1220,#F1F5FF,#3DDC97,17.16,10.59
T08,4,Grass & Chalk,#17462B,#F6F6EE,#F2E85C,9.93,8.46
T08,5,Ice Rink,#EAF3FA,#0D2B45,#D32F34,12.91,4.42
T08,6,Courtside,#2B1B12,#FFF3E0,#FF7A1A,15.10,6.35
T09,1,Newsprint & Red,#F4EEDC,#1B1B1B,#C81E28,14.85,4.93
T09,2,Sunday Funnies,#FFF6D6,#1A2036,#1F6FEB,14.88,4.28
T09,3,Noir Ink,#F2F2F0,#0E0E0E,#8A1C1C,17.22,8.28
T09,4,Sci-Fi Cyan,#0F1B2D,#F2F7FF,#21D4C9,16.07,9.32
T09,5,Pastel Slice,#FFF1EC,#2E2A3B,#D6386E,12.61,4.10
T09,6,Retro Purple,#F1E8FF,#23103C,#6B2BD9,14.64,5.96
T10,1,Crayon Sky,#FFF8E7,#2D2A4A,#D9481F,12.86,4.05
T10,2,Meadow,#EAF6DF,#23361F,#2A7D4F,11.58,4.52
T10,3,Bedtime Blue,#1D2A4D,#FFF4D9,#FFC857,12.88,9.16
T10,4,Bubblegum,#FFE9F0,#3A2050,#C2185B,12.09,5.08
T10,5,Sunny Day,#FFF3B8,#2B2A33,#C2410C,12.66,4.63
T10,6,Sea Glass,#E1F4F3,#10323B,#0B6E78,11.96,5.24
T11,1,Confetti Pop,#FFFDF5,#2A2340,#D6336C,14.59,4.53
T11,2,Bubblegum Dots,#FFE4EE,#35204A,#B3155A,12.07,5.54
T11,3,Sky Pool,#E3F4FF,#14304A,#0B6EBD,12.02,4.69
T11,4,Sunny Kraft,#F3E3C3,#2E2419,#B93A2A,12.00,4.48
T11,5,Mint Grid,#E5F7EE,#123B2C,#0A7A50,11.18,4.82
T11,6,Night Sticker,#1E1B3A,#FFF7E0,#FFB800,15.42,9.51
T12,1,Broadsheet Grey,#EFECE4,#1C1C1C,#A11D1D,14.44,6.57
T12,2,Pink Financial,#F9E3D0,#2A1E1A,#A0341C,13.03,5.64
T12,3,Evening Edition,#1D1B17,#EDE6D3,#E0B34A,13.80,8.77
T12,4,Tabloid Yellow,#FFF3B0,#111111,#C4121A,16.81,5.42
T12,5,Digital Daily,#FFFFFF,#14181F,#0B5FFF,17.79,5.13
T12,6,Sepia Gazette,#E9DCC0,#33261A,#7B3F1D,10.79,6.01
T13,1,Velvet & Gold,#2A0A12,#FFF1D6,#E8B84A,16.34,9.90
T13,2,Silver Screen,#14161A,#F1F1EE,#C9CED6,16.01,11.46
T13,3,Marquee Blue,#0E1E4A,#FFF7E8,#FF5A5F,15.13,5.28
T13,4,Drive-In Dusk,#1F1636,#F8EFE0,#FF9A3C,15.02,8.11
T13,5,Noir Reel,#EDEDEA,#101010,#8C1C24,16.22,7.76
T13,6,Popcorn,#FFF3D6,#3A1A10,#B3202A,14.26,6.03
T14,1,Magenta Cyan,#120A2A,#F5F0FF,#FF3EA5,17.04,5.88
T14,2,Sunset Grid,#1B0B2E,#FFF0E0,#FF8A3D,16.57,7.90
T14,3,Ice Neon,#071A2B,#EAF7FF,#35E0FF,16.15,11.13
T14,4,Lime Arcade,#0B1A12,#EFFFEA,#A6FF3B,17.22,14.51
T14,5,Miami Sherbet,#2A0F2E,#FFF1F5,#FF6F91,15.88,6.58
T14,6,Purple Haze,#17092E,#EFE6FF,#B388FF,15.64,7.07
T15,1,Classic Blueprint,#0F3A8A,#EAF2FF,#FFD84D,9.36,7.62
T15,2,Drafting Vellum,#F3EFE0,#1B2A3A,#B23A2A,12.67,5.16
T15,3,Whiteprint,#FFFFFF,#1F3A5F,#C0392B,11.48,5.44
T15,4,Night Drafting,#10161F,#DCE8F5,#5FD3A5,14.62,9.81
T15,5,Kraft Plan,#E5D3B0,#2B2118,#8B3A1A,10.71,5.25
T15,6,Cyanotype Green,#0E4B45,#E6FBF6,#FFE066,9.23,7.63
T16,1,Passport Navy,#14284B,#F5EBD0,#D9A441,12.32,6.51
T16,2,Airmail,#F7F1E3,#1C2B4A,#C8352B,12.48,4.66
T16,3,Steamship Teal,#0F3F44,#F3EBD6,#E8A23C,9.73,5.33
T16,4,Backpacker Kraft,#E9D9B8,#2C2117,#A6401F,11.28,4.47
T16,5,Jet Age Orange,#FFF1DC,#2B2A33,#C2510F,12.73,4.21
T16,6,Motel Sunset,#2B1A2E,#FFEFD9,#FF7F50,14.42,6.51
T17,1,Big Top Red,#FFF4DC,#2A1410,#C62828,15.94,5.15
T17,2,Midway Night,#1B1533,#FFF2D6,#FFC83D,15.75,11.30
T17,3,Cotton Candy,#FFE9F5,#3A2148,#B01A62,12.22,5.75
T17,4,Ferris Blue,#0F2A57,#FFF6E0,#FF7A59,13.10,5.49
T17,5,Barn Fair,#F1E5C9,#2B1F14,#2E6B3A,12.83,5.12
T17,6,Lemonade Stand,#FFF7B0,#2B2A1A,#C2410C,13.24,4.73
T18,1,Manila & Stamp,#EBD9A8,#22201C,#B3261E,11.63,4.68
T18,2,Evidence Board,#3A2E22,#F4EAD6,#E0A23B,11.03,5.90
T18,3,Noir Grey,#E8E8E5,#121212,#7A1F1F,15.26,8.37
T18,4,Cosy Mystery,#F4ECD8,#2C2A4A,#A23E48,11.60,5.37
T18,5,Night Stakeout,#0E1420,#E9EEF7,#F5C542,15.83,11.36
T18,6,Cold Case,#DDE6EA,#1B2A33,#B0301F,11.63,5.04
T19,1,Gallery White,#FAFAF7,#1B1B1B,#B23A48,16.47,5.59
T19,2,Salon Green,#1F3A30,#F3EFE4,#D9B45A,10.71,6.23
T19,3,Plaster Pink,#F6E6E1,#2C2226,#9B3D4D,12.70,5.47
T19,4,Charcoal Room,#1C1C1E,#F1EFEA,#D4A94A,14.81,7.76
T19,5,Ochre Wall,#E6D3A8,#2B2114,#7A2E1C,10.71,6.37
T19,6,Blue Hour,#E7EDF5,#1A2540,#2F5DAA,12.90,5.46
T20,1,Chalkboard,#23302B,#F3F1E7,#F2C14E,12.13,8.18
T20,2,Bistro Paper,#F6EFE0,#2B1E18,#9E2A2B,14.09,6.50
T20,3,Diner Pink,#FFE9EC,#33212B,#C2255C,13.01,4.88
T20,4,Izakaya Night,#1A1416,#F7EBDD,#E4572E,15.47,4.93
T20,5,Bakery Box,#FFF4E0,#3B2A1E,#B45309,12.55,4.61
T20,6,Terrace Green,#E8F0E0,#1C2E1F,#38761D,12.31,4.76
