id,section,category,what_it_is,kids_4_8,kids_9_12,teens_13_17,adults_18_59,seniors_60_plus,best_for,how_they_use_it,tone,sound,photo,effort,build_wave,wow,lineage
S01,Boot Gate,Openers,"The card opens as a fake system starting up. Typed terminal lines roast one real trait, then 'Press any key' unlocks the card. The tap doubles as the browser's permission to play sound.",No,Good,Great,Great,OK,"Friends, siblings, coworkers, tech-minded partners","Watch, then tap",Cheeky,Optional,None,S,1,4,Jordan.EXE: opening boot (C-BOOT)
S02,Belated Clock,Openers,"A hero line that always knows what day it is. Before the birthday it counts down, on the day it celebrates, and after it turns lateness into a joke and shows how long until the next one. One link works whenever it is opened.",Good,Good,Good,Great,Good,Anyone; especially late cards and children's countdowns,Watch,Playful,None,None,S,1,3,Jordan.EXE: birthday opening and date logic (C-HERO)
S03,Name Logo Splash,Openers,"The recipient's name as a stylized logo built from their own world: cut-out ransom-note letters, chain and gears, coffee stains, neon, pixel blocks, chalk. It opens the card and becomes the share preview.",Great,Great,Great,Great,Great,Everyone,Watch,Bold,None,None,M,1,5,Jordan.EXE: ransom-note hero lettering (C-HERO)
S04,Scratch-Off Reveal,Openers,"A silver panel the recipient scratches with a finger to reveal a message: the big age, a plan, a gift. Small decoy spots pay off with tiny gags before the main reveal.",Great,Great,Good,Good,Good,"Kids, milestone birthdays, any surprise reveal",Drag a finger,Playful,Optional,None,S,1,3,New
S05,Movie Trailer Opener,Openers,"A 20-second text trailer of big title cards: 'In a world where...', real details as plot points, a film title that puns on their name or habit, and a birthday rating card.",OK,Great,Great,Great,Good,"Friends, siblings, coworkers, kids 10+",Watch,"Epic, cheeky",Optional,None,M,1,4,New
S06,Incident Report & Replay,Stories & Cartoons,"An official-looking report about one real, harmless mishap everyone retells, with a typed log and a Replay button. Counters like 'Replays: 0, Lessons learned: 0' make the replay funnier each time.",No,Good,Great,Great,Good,"Friends, siblings, close colleagues, close family","Read, tap Replay",Deadpan roast,Optional,None,M,1,4,Jordan.EXE: incident replay (C-INC)
S07,Pixel Cutscene,Stories & Cartoons,"A short pixel-art animation, 6 scenes, of one real story or habit, using a small library of sprites (hair, outfit, bike, dog) recoloured to look like them. Chiptune bleeps carry the jokes.",Good,Great,Great,Great,Good,"Friends, kids, gamers, siblings",Watch,"Playful, warm",Optional,None,L,3,5,"New (Jordan.EXE style: inline SVG and CSS art, no image files)"
S08,Comic Strip,Stories & Cartoons,"A 4-panel comic: setup, escalation, twist, and a warm last panel. Speech bubbles use their real phrases. Drawn from a fixed character kit so it stays on-model.",Good,Great,Great,Great,Great,"Friends, kids, siblings, colleagues","Read, tap panels","Warm, funny",None,Optional,L,3,4,New
S09,Nature Documentary,Stories & Cartoons,"A hushed narrator observes the recipient 'in the wild': habits become observed behaviours, their catchphrase is their 'signature call', and the herd of people who love them always returns.",OK,Good,Good,Great,Great,"Parents, grandparents, friends, coworkers",Watch,Gentle parody,Optional,None,M,1,3,New
S10,Polaroid Wall,Stories & Cartoons,"A wall of 6 to 9 instant photos. Tap one to flip it and read the handwritten note on the back, written from a real memory. No photos? Sketch-style stand-ins keep the wall alive.",Good,Good,Good,Great,Great,"Family, partners, long friendships, grandparents",Tap to flip,"Warm, nostalgic",None,Optional,M,2,4,New
S11,Photo-to-Art Portrait,Stories & Cartoons,"An uploaded photo transforms on screen (sketch, then colour) into stylized art: pixel, halftone pop, ASCII, comic ink, cross-stitch or sticker. The processing runs in the browser, so the photo never has to leave the device.",Great,Great,Good,Great,Great,"Family, friends, anyone with a good photo","Watch, tap to replay",Playful,Optional,Needed,M,2,5,New
S12,Life Timeline,Stories & Cartoons,"A scrolling timeline of the person's story so far, one screen per milestone, ending on 'Now' and a wish for the next chapter. Each node is a small scene with a caption in the giver's voice.",Good,Good,OK,Great,Great,"Family, partners, long-time friends",Scroll,"Warm, wry",None,Optional,M,1,4,New
S13,Performance Review,Roasts & Reveals,"A six-row performance review with star ratings and manager comments. Workplace-speak turns real traits into 'competencies', and the verdict promotes them to something warm. Works for the person or their pet.",No,Good,Good,Great,Good,"Coworkers, friends, siblings, pet owners",Read,Dry roast,None,None,S,1,3,Jordan.EXE: pet performance review table (C-PET)
S14,Talking Pet Cameo,Roasts & Reveals,"The recipient taps their pet (or a beloved object) and it 'speaks' a random line in its own voice with a synthesized bark or meow. The tenth line is the warm one, unlocked after enough taps.",Great,Great,Great,Great,Great,"Pet owners, kids, families",Tap the character,"Silly, warm",Optional,Optional,M,1,5,"Jordan.EXE: companion scene, tap the dog (C-PET)"
S15,Fake Diagnostic Scan,Roasts & Reveals,"The recipient presses 'Run diagnostic' on the person (or their bike, car or espresso machine). Beeps rise, readings appear one row at a time, a control-group comparison lands, and the verdict ends on a compliment.",No,Good,Great,Great,Good,"Friends, coworkers, hobbyists","Tap Run, then watch",Deadpan,Optional,None,M,1,4,Jordan.EXE: playful diagnostic gauge (C-GAUGE)
S16,Trading Card,Roasts & Reveals,"A collectible card for the recipient: rarity, funny-but-flattering stats, a special ability drawn from a real habit, and a flavour quote in their own words. It tilts and shines like a holographic card.",Great,Great,Great,Good,OK,"Friends, kids, siblings, teams","Tilt or drag to shine, tap to flip",Playful,None,Optional,M,1,4,New
S17,Framework Briefing,Roasts & Reveals,"A mock consulting briefing that 'explains' the person with a memorable framework: numbered parts, one-line insights from real habits, and animated charts with silly axes, ending on a warm recommendation.",No,No,OK,Great,OK,"Coworkers, friends",Tap through slides,Dry parody,None,None,M,1,3,"Jordan.EXE: story briefing, the 'six Ds' parody (C-CHART)"
S18,Official Decree,Roasts & Reveals,"A mock executive order that makes the birthday official: 'Whereas' clauses from real facts, numbered sections, a 'Sign into law' button with a stamp, a hidden memo that appears afterwards, and an absurd opposition response.",Good,Great,Great,Great,Great,"Friends, family, coworkers, kids","Read, tap Sign","Pompous, warm",Optional,None,M,1,4,"Jordan.EXE: birthday certificate, mock executive order (C-CERT)"
S19,Court Case,Roasts & Reveals,"A tap-through mock trial: the recipient is the defendant, charged with harmless 'crimes' from real habits. Exhibits, a witness (a person, a pet, or 'The Snacks'), a verdict and a warm silly sentence.",OK,Great,Great,Great,Good,"Friends, siblings, kids",Tap through,Mock-serious,Optional,None,M,1,3,New
S20,Wanted Poster,Roasts & Reveals,"A vintage 'WANTED' poster for the recipient: an alias, affectionate 'crimes', where they were last seen and a reward the giver really offers. The portrait is a sepia photo treatment or a silhouette.",Good,Great,Great,Good,Good,"Friends, siblings, kids","Read, tap to zoom","Playful, vintage",None,Optional,S,1,3,New
S21,Fine Print,Fake Formats,"A scroll-to-accept terms and conditions for being their friend (or family member). Clauses satirize real habits, one clause is sincere, and the 'Decline' button dodges the cursor before the recipient gives in and accepts.",No,OK,Good,Great,Good,"Friends, coworkers, siblings","Scroll, tap Accept",Dry,None,None,S,1,3,New
S22,Owner's Manual,Fake Formats,"A dry product manual for the person, 'Model Jamie v40': what is in the box, getting started, care and feeding, a troubleshooting table of real habits, warnings, and a sincere lifetime warranty.",No,Good,Good,Great,Good,"Partners, parents, siblings, close friends",Read,"Dry, affectionate",None,None,S,1,3,New
S23,Résumé & Endorsements,Fake Formats,"A professional-network-style profile with a silly headline, 'experience' from real places and hobbies, skills endorsed by their real friends, and two short 'recommendations' clearly marked as dramatizations.",No,No,OK,Great,OK,"Coworkers, friends","Read, tap to endorse","Dry, affectionate",None,Optional,S,1,3,New
S24,Group Chat Replay,Fake Formats,"An animated group chat where the friends 'plan' the birthday. Typing dots, a 'left on read' beat, a running joke, and a final reply from the recipient in their real catchphrase.",No,Good,Great,Great,OK,"Friends, siblings, teens","Watch, tap to speed up",Playful,Optional,None,M,1,4,New
S25,Departure Board,Fake Formats,"A split-flap airport or station board where every row is about the recipient: 'Jamie, DELAYED 10 min', 'Snacks, BOARDING', and the last row points to the cake. The board flutters into place.",Good,Good,Good,Great,Good,"Friends, travellers, coworkers",Watch,Playful,Optional,None,M,1,4,New
S26,Catch Game,Games,"Move a basket (or a character) to catch falling things for 30 seconds. Good items come from their obsessions, bad items are harmless jokes, and there is a golden bonus. Nobody loses: 'not yet' is a kind line.",Great,Great,Good,Good,OK,"Kids, teens, friends, families",Drag or tilt,Playful,Optional,None,M,1,4,New
S27,Tap Challenge,Games,"A big button counts taps. Milestone messages fire at set counts, confetti at 10, and a warm secret waits far down the count. The 'stat' is something the recipient really does: espresso shots, laps, scoops.",Great,Great,Great,Good,Good,"Friends, kids, siblings, colleagues",Tap repeatedly,Playful,Optional,None,S,1,4,Jordan.EXE: tap challenge and rep counter with milestones (C-REPS)
S28,Fill the Meter,Games,"Each tap fills a gauge that stands for a real obsession (cups of coffee, laps, pages). The body reacts with escalating jitter, then the meter overflows into a celebration and a one-time 'decaf' gag resets it.",Good,Good,Good,Great,Good,"Friends, coworkers, hobbyists",Tap repeatedly,Playful,Optional,None,S,1,3,"Jordan.EXE: fill meter, coffee to eight cups and the 'decaf' reset (C-FUEL)"
S29,Memory Match,Games,"A card-flip pairs game where every pair is a piece of their world (a trowel, a bike bell, the dog). Each match reveals a tiny fact or joke. Calm, no timer, no way to lose.",Great,Great,Good,Good,Great,"Kids, grandparents, families",Tap to flip,"Gentle, playful",Optional,None,M,1,3,New
S30,Perfect Timing,Games,"A marker slides back and forth and the recipient taps to stop it in the target zone, three rounds, each faster. The marker and target come from a real habit. Every result gets a funny line and the ending is warm whatever the score.",Good,Great,Great,Good,Good,"Kids, teens, friends",Tap at the right moment,Playful,Optional,None,M,1,3,New
S31,Spin the Wheel,Games,"A prize wheel with 8 segments where every spin lands on something good: gifts the giver really offers, jokes from real facts, and warm messages. The third spin always lands on the hidden jackpot: the card's kindest line.",Great,Great,Good,Good,Good,"Kids, families, groups",Tap or flick to spin,Playful,Optional,None,M,1,3,New
S32,Word Search & Mini Crossword,Games,"A small word puzzle built from the person's life: names, places, hobbies. Crossword clues are jokes and memories, and finding every word reveals a bonus message.",No,Good,OK,Good,Great,"Grandparents, parents, kids, puzzle fans",Tap letters or drag,"Gentle, witty",None,None,L,3,3,New
S33,How Well Do You Know Them?,Quizzes,"A 6-question multiple-choice quiz built only from real facts: one right answer, one plausible decoy, one absurd decoy. Funny reactions after each answer, and a results screen that lands warm at every score.",Good,Great,Great,Great,Great,Everyone; groups,Tap answers,"Playful, warm",Optional,None,M,1,4,New
S34,Identity Check,Quizzes,"A fake 'Prove you're Jamie' verification: a 3x3 tile challenge ('Select all squares with snacks'), a checkbox that will not say 'I am not late', and a security question only they can answer. It ends with a 'Verified human' stamp.",OK,Good,Great,Great,Good,"Teens, coworkers, friends",Tap tiles,Deadpan,Optional,None,M,1,4,New
S35,Mad Libs,Quizzes,"The recipient types words (a noun, a food, a place) and the card writes a short story that stars them. The fixed text is real facts and the blanks make it absurd; the last line is warm and fixed.",Good,Great,Great,Good,Good,"Kids, families, friends","Type words, read the story",Silly,None,None,S,1,3,New
S36,The Year You Were Born,Quizzes,"A 'the year you arrived' page: what things cost, the number one songs, gadgets, headlines, then a closing 'And then you turned up'. Every item comes from a vetted data pack for that year, never from the model's memory.",No,OK,Good,Great,Great,"Milestone birthdays, grandparents, trivia fans","Scroll, tap items","Nostalgic, wry",Optional,None,M,3,4,New
S37,Mixtape & Sing-Along Song,Music & Sound,"Original lyrics set to a short synthesized track (chiptune, punk, lullaby, disco), with each line highlighted as it is sung. It sits on a cassette-style player with Side A, Side B and a bonus track.",Great,Great,Great,Great,Good,Everyone,"Press play, sing along",Any,Core,None,L,2,5,"Jordan.EXE: mixtape, Side A diss track and Side B punk 'Happy Birthday' (C-MUSIC)"
S38,Beat Pads,Music & Sound,"A 16-pad sampler where each pad is a sound from their world ('Espresso hiss', 'Bike bell', their catchphrase). The recipient makes a beat, and a hidden pad combination unlocks a warm message.",Great,Great,Great,Good,OK,"Teens, kids, music lovers",Tap pads,Playful,Core,None,M,2,4,Jordan.EXE: 16-pad sequencer inside the mixtape (C-MUSIC)
S39,Voice Notes,Music & Sound,"Real voice messages from the giver and friends, shown as tapes or voicemails with a waveform. Hearing a real voice is often the biggest 'wow' in a card. The site writes the prompts, not the words.",Great,Great,Good,Great,Great,"Grandparents, family, distant friends, groups",Tap play,Warm,Core,None,M,2,5,"Jordan.EXE: 'Side C', a real recorded voice message (C-MUSIC)"
S40,Catchphrase Buttons,Music & Sound,"A soundboard of big buttons, one per real phrase they always say. Each plays the line (spoken or recorded) with a tiny animation. A hidden button turns their phrase into something kind.",Good,Great,Great,Great,Good,"Friends, family, kids",Tap buttons,Playful,Core,None,S,1,4,New
S41,The Letter,Heart & Words,"A short handwritten-style letter that says the real reason the giver adores them. It calls back a joke from earlier in the card, tells one true story, states the truth in one plain line, and signs off. Usually the second-to-last section.",Good,Good,Good,Great,Great,Everyone,Read,Sincere,None,None,S,1,5,Jordan.EXE: taped closing note with two signatures (C-END)
S42,N Reasons,Heart & Words,"A counter races up to the person's age while real reasons flick past. A handful stop and glow, the rest blur, and the last reason (the sincere one) lands on their exact age.",Good,Good,Good,Great,Great,"Milestone birthdays, partners, parents, friends",Watch,Warm,Optional,None,S,1,4,New
S43,Coupon Book,Heart & Words,"A booklet of 6 redeemable coupons the giver truly promises: 'One airport run, any hour', 'One bike tune-up'. A couple are jokes and one is a blank 'Ask me anything'. Redeeming shows a message the recipient can screenshot or send back.",Great,Great,Good,Great,Good,"Parents, partners, siblings, kids giving to parents",Tap to redeem,"Warm, playful",None,None,S,1,3,New
S44,Group Signature Wall,Heart & Words,"Every contributor gets a link to add a short message, a doodle or a photo. The card shows them as sticky notes on one wall. The site writes the invitation and the note starters.",Good,Good,Good,Great,Great,"Groups, teams, families, classes","Read, tap notes",Warm,None,Optional,L,3,4,New
S45,Fortune Cookie,Heart & Words,"The recipient taps to crack a cookie and reads a fortune. Five cookies: two funny predictions from real habits, two sincere lines, and a last one straight from the giver's heart, with lucky numbers that include their age.",Good,Good,Good,Good,Good,Anyone,Tap to crack,"Playful, sweet",Optional,None,S,1,3,New
S46,Top 5 Countdown,Heart & Words,"A TV-style countdown of the 'Top 5 things about them', from number 5 to number 1, with a host intro and a drumroll before the last reveal. Number 1 is the sincere one. A 'skip to #1' link keeps it kind to impatient people.",OK,Good,Good,Great,Great,"Groups, families, colleagues",Tap to reveal,"Playful, warm",Optional,None,S,1,3,New
S47,Launch Sequence,Finales,"A big red button starts a scripted launch (a software deploy, a rocket, a cake vault, a confetti cannon). Twelve typed status lines poke fun at their habits, then the payoff reveals the cake and sets off the ending.",Good,Great,Great,Great,Good,"Friends, coworkers, kids",Tap the big button,Cheeky,Optional,None,M,1,5,"Jordan.EXE: finale, big red 'Deploy birthday to production' button (C-FIN)"
S48,Candle Blowout,Finales,"A cake with as many candles as their age (up to 9 shown, then '+31 more'). The recipient blows them out with the microphone or taps them out one by one, makes a wish, and the last candle triggers the final greeting and confetti.",Great,Great,Good,Great,Great,Anyone,Blow into the mic or tap,"Warm, celebratory",Optional,None,M,1,4,"Jordan.EXE: finale, nine candles all out triggers the greeting (C-FIN)"
S49,Credits & Easter Egg,Finales,"Rolling end credits with fake job titles ('Snack Logistics: Brian'), a 'Special thanks' to the dog or the espresso machine, and a hidden tap target that reveals one last secret. It ends 'Refresh to replay'.",OK,Good,Great,Great,Good,Anyone; group cards,"Watch, find the secret","Cheeky, warm",Optional,None,S,1,4,Jordan.EXE: credits line and 'refresh to reboot' ending (C-END)
S50,Achievements Unlocked,Finales,"Small badges pop up as the recipient explores: 'Bark Whisperer', 'Punctual? No.', 'Found the secret'. A list keeps score, and the last badge ('100%: Loved') unlocks once they have seen everything. It rewards curiosity and replays.",Great,Great,Great,Good,OK,"Kids, teens, gamers","Explore, then check the list",Playful,Optional,None,M,1,3,New
