id,gender_fit,prompt_template,when_it_makes_sense,example_in_action,what_we_need_from_the_giver,watch_outs
S01,Neutral. Terminal green is a default; re-skin the palette to the person.,"{PREAMBLE}\nSECTION: Boot Gate. Write a fake start-up log for a program named after {name}.\n7 terminal lines, max 46 characters each. Line 1 names the program (""{NAME}.EXE v{age}.0""). Lines 2-6 ""load"" real things from {facts} as system parts (habit = driver, obsession = core process, pet or person = peripheral). One line may raise a harmless WARNING about their best-known quirk. Line 7 is always ""Ready. Press any key.""\nOUTPUT: {""program"":"""",""lines"":[""x7""],""button_label"":""Press any key""}","- Jamie, 40, lives in Slack and spreadsheets\n- A sister's 30th: 'Loading SISTER.EXE... sarcasm.dll OK'\n- A coworker's card: 'stand-up-meeting.dll... skipped'",JAMIE.EXE v40.0\nLoading espresso.dll ... OK\nLoading snacks.dll ... OK\nWARNING: punctuality.sys not found\nReady. Press any key.,"Name, age, and 1 or 2 habits or obsessions they are known for.","Needs reading, so keep lines short. 'Any key' must also work as a tap on phones. With reduced-motion on, show all lines at once. Offer a Skip link."
S02,Neutral.,"{PREAMBLE}\nSECTION: Belated Clock. Write copy for a date-aware hero for {name}'s birthday on {birthday_date}. The page picks the state from today's date when the card opens.\nOne line per state, max 60 characters each: ""before"" (must contain {days}), ""today"", ""after_1_7"" (a few days late; make lateness a joke that fits {facts}), ""after_8_plus"" (must contain {days_until_next}), ""next_year"". Add a 12-word tagline. Lateness is a joke, never an apology or guilt.\nOUTPUT: {""before"":"""",""today"":"""",""after_1_7"":"""",""after_8_plus"":"""",""next_year"":"""",""tagline"":""""}","- The card is sent 3 days late: 'Fashionably late, by 3 days'\n- Sent a month early for a child: '27 sleeps to go'\n- Any card: the same link works before, on and after the day",Before: 6 days until Riley turns 9.\nToday: It's today. Riley is 9.\nAfter: Belated by 4 days. Only 361 to go until the next one.,"Birthday date (day and month, not birth year), plus a lateness or time habit if there is one.",Needs the day and month. Use the viewer's own date. Let the giver decide whether lateness is a joke; skip the joke if the card is late for a sensitive reason.
S03,"Neutral. Style follows the recipient's tastes, not gender.","{PREAMBLE}\nSECTION: Name Logo Splash. Design hero lettering for ""{name}"" that could only belong to them.\nPick ONE style from: ransom_note, chain_and_gears, coffee_stain, chalk_scribble, neon_sign, pixel_blocks, balloon, stitched_patch, ticket_stub, stencil_spray. Choose it from one real obsession or habit in {facts}. Give each letter a treatment (font from the allowed list, rotation -8 to 8, colour from the palette, background shape). Add up to 3 tiny decor items taken from real facts (e.g. a bike bell). Add a subtitle of 6 words or fewer.\nOUTPUT: {""style"":"""",""letters"":[{""ch"":"""",""font"":"""",""rot"":0,""color"":"""",""bg"":""""}],""decor"":[{""item"":"""",""position"":""""}],""subtitle"":"""",""reason"":""which fact drove the style""}","- Any card: the opening image and link preview\n- Riley, 9, loves space: star-map letters with a tiny rabbit\n- Jamie, 40, cyclist and espresso lover: letters cut from a bike map and a coffee bag","J-A-M-I-E as cut-out letters on kraft paper. One letter has a coffee ring, a tiny bell hangs off the I. Subtitle: 'Forty, and only slightly late.'",Name and at least 1 obsession or habit to steer the style.,"Keep the name legible (contrast, size). Check unusual spellings and accents. Add alt text so screen readers read the name."
S04,Neutral.,"{PREAMBLE}\nSECTION: Scratch-Off Reveal. The recipient scratches a silver panel to reveal a message.\nWrite: a teaser above the panel (max 40 characters, specific to {facts}); the hidden reveal (max 24 words: the age, one warm line and one real detail); a tap-to-reveal button label for people who cannot scratch. Add 3 decoy scratch spots with tiny gags (max 6 words each) that show before the main reveal.\nOUTPUT: {""teaser"":"""",""reveal"":"""",""decoys"":["""","""",""""],""tap_label"":""""}","- A big milestone: 30, 40, 50, 'Sweet 16'\n- A child scratching to find the surprise plan\n- A card hiding a gift or plan: 'Dinner Friday, my treat'",Teaser: 'Scratch for your real age.'\nUnder the silver: 'Forty. Still under warranty.',"Something worth revealing (age, plan or gift) and 1 real detail.",Scratching is fiddly for older thumbs and impossible for some screen-reader users: always include the tap-to-reveal button.
S05,"Neutral. Genre choice follows the person, not gender.","{PREAMBLE}\nSECTION: Movie Trailer Opener. A 20-second text trailer of 5 to 7 title cards.\nPick a genre that fits their personality (action, comedy, disaster, sci-fi, western). Cards: an ""In a world..."" card; 3 or 4 build-up cards using real details from {facts} as plot points; a final title card naming the film (a pun on {name} or their best-known habit); a rating card (""Rated B for Birthday""). Max 9 words per card. Do not quote real films or studios.\nOUTPUT: {""genre"":"""",""cards"":[{""text"":"""",""beat"":""quiet|build|hit""}],""film_title"":"""",""rating"":""""}","- A dramatic friend group\n- Jamie, 40: 'In a world where everyone leaves on time...'\n- Kids 10 to 12: 'Coming Saturday: RILEY: THE BIRTHDAY'","In a world where everyone leaves on time...\none person leaves ten minutes late,\nwith snacks.\nJAMIE: THE ARRIVAL. Rated B for Birthday.","Name and 3 or more facts (habits, obsessions, a memory).","Fast cuts: no more than 3 flashes per second, and a static fallback for reduced-motion. No real film quotes, logos or studio names."
S06,Neutral.,"{PREAMBLE}\nSECTION: Incident Report. Write an official report about ONE real story from {facts} (kind: memory).\nFields: incident_id (e.g. ""INC-0040""), severity (a silly scale), summary (max 30 words, absurdly serious), timeline (4 to 6 typed log lines), root_cause (max 12 words, kind), corrective_action (max 12 words, warm), counters (two funny labels for the counters), replay_line (one line shown when Replay is pressed). Stay strictly inside what the giver told us. Exaggerate the tone, not the facts. Timestamps are decoration only.\nOUTPUT: {""incident_id"":"""",""severity"":"""",""summary"":"""",""timeline"":[""""],""root_cause"":"""",""corrective_action"":"""",""counters"":{""replays"":"""",""lessons"":""""},""replay_line"":""""}","- The burnt dinner, the wrong train, the great printer jam\n- A sibling's 21st: 'The Trampoline Event'\n- A team card: 'The Great Stapler Incident of March'","INC-0040. Severity: Mildly Legendary.\nSubject arrived ten minutes 'out' to a birthday dinner for the third time, carrying snacks.\nRoot cause: Optimism.\nCorrective action: None. Do not change.\nReplays: 0. Lessons learned: 0.","ONE real story (what happened, who was there, how it ended) that the giver is happy to share with everyone who sees the card.","Only use a story the giver actually told. Ask 'Is this OK for everyone who sees the card?' (group cards). Never use injuries, health scares or money trouble."
S07,"Neutral. Sprites are recoloured to look like the person, not gendered by default.","{PREAMBLE}\nSECTION: Pixel Cutscene. A 6-scene 8-bit animation telling ONE real story or habit.\nPick one anchor from {facts} (memory preferred). For each scene give: bg (street, kitchen, cafe, bedroom, trail, office, beach, party, space), chars (the recipient plus at most one real person or pet from {facts}), action per character (walk, wave, run, jump, sit, sip, laugh, trip, sleep, dance), a caption (max 14 words) and sfx (beep, jump, boing, bark, sad, tada, none). Scene 6 is a warm beat, not a punchline. Comedy comes from timing and exaggeration, never new facts.\nOUTPUT: {""title"":"""",""scenes"":[{""bg"":"""",""chars"":[{""who"":"""",""action"":""""}],""caption"":"""",""sfx"":""""}]}","- A story with a clear beat: the chase, the wrong turn, the dog stealing dinner\n- Kids 6 to 12: them and their pet on an adventure\n- Gamers: their favourite genre as the skin (platformer, racing)",Scene 1 (trail): Pixel Jamie pedals. 'Ten minutes out.'\nScene 5 (cafe): the espresso machine glows.\nScene 6: friends wait on a bench. 'Worth the wait.',"One story or habit with a clear beat, plus who else was there (a person or pet).",Needs a sprite engine. Sprites are not likenesses: colour palettes only. Do not depict real accidents or injuries. Keep it under 45 seconds and captions readable.
S08,"Neutral. Give every recipient a stylized avatar picked from a kit, not a default male figure.","{PREAMBLE}\nSECTION: Comic Strip. A 4-panel comic: setup, escalation, twist, warm end.\nBase it on ONE anchor from {facts}. For each panel: scene (max 15 words, art direction), chars (the recipient plus at most 2 real people or pets from {facts}), bubbles (max 2, max 12 words each) and an optional sound-effect word (""SPLAT""). Panel 4 is warm, not a punchline. Give the strip a title and a signature (""by {from}"").\nOUTPUT: {""title"":"""",""panels"":[{""scene"":"""",""chars"":[""""],""bubbles"":[{""who"":"""",""text"":""""}],""sfx"":""""}],""signature"":""""}","- A single-scene story (the phone call, the wrong bus, the burnt toast)\n- A child who loves drawing and comics\n- Any adult with a signature moment: 'the night the cat...'","1. Riley points at the moon: 'Bean, we're going!'\n2. Bean wears a foil helmet.\n3. 'Houston, we have carrots.'\n4. Bean asleep in Riley's lap: 'Best crew ever.'","One funny single-scene story or habit, plus any pet or person in it.","Consistent art is hard with free-form image generation: use a fixed character kit. Never generate realistic likenesses of real people, especially children. Alt text per panel."
S09,Neutral.,"{PREAMBLE}\nSECTION: Nature Documentary. A calm narrator observes {name} in the wild.\nWrite 6 captions (max 22 words each) in a hushed, reverent nature-documentary voice. Use 3 real habits or obsessions from {facts} as ""observed behaviours"" (their catchphrase = ""signature call""; their commute = ""migration""). Add one ""rare footage"" moment from a real memory, and finish with a warm line about how the herd (the people who love them) always returns. Give a mock Latin species name (e.g. ""Homo tardus benignus""), a habitat and 4 backdrop ideas.\nOUTPUT: {""species_latin"":"""",""habitat"":"""",""captions"":[""""],""scenes"":["""","""","""",""""]}","- Someone with a strong routine: the 6 am runner, the Sunday gardener\n- Dad's 60th: 'The Common Dad, observed near the barbecue'\n- A friend group: 'The herd gathers at the cafe'","'Here, in the wild, we find the Jamie. It has not eaten. It forages: a bag of snacks. Note the signature call: ""It's fine, I'll meet you there.""'","3 or more habits or obsessions, one memory, and the people around them.","Keep the narrator kind: no demeaning animal comparisons, no body or mating jokes. Narration by browser voice is optional and can sound flat; captions must stand alone."
S10,Neutral.,"{PREAMBLE}\nSECTION: Polaroid Wall. A wall of 6 to 9 instant photos that flip to show a handwritten note.\nFor each slot: ask (what photo to upload, e.g. ""A photo of {name} at the lake""), front caption (max 5 words, felt-tip), back note (max 20 words, warm or funny, tied to a real memory in {facts}), year (only if the giver supplied it, else null), sketch (a simple line-art idea to use if there is no photo).\nOUTPUT: {""photos"":[{""ask"":"""",""front"":"""",""back"":"""",""year"":null,""sketch"":""""}]}","- The giver has plenty of photos: trips, milestones\n- A grandparent's birthday with family snaps and grandchildren's notes\n- A long friendship: 'Year 1' to 'Year 15'","Front: 'Lake trip, 2019.'\nBack: 'You said ten minutes and we still had time for a swim.'","6 or more photos if possible, with a real memory or place per photo.",Confirm the giver has the right to use each photo and that group shots are fine with the others. Compress images to keep the downloadable file small. Alt text for every photo.
S11,"Neutral. Choose flattering, non-realistic styles for everyone.","{PREAMBLE}\nSECTION: Photo-to-Art Portrait. The uploaded photo of {name} transforms on screen into stylized art.\nChoose ONE style from: pixel_16, halftone_pop, ascii, comic_ink, risograph, cross_stitch, sticker. Match it to {tone} and the recipient's world. Write: a caption (max 8 words), 3 step labels for the reveal (""Sketching..."", ""Colouring..."", ""Done.""), a palette of 4 or 5 hex colours, and one prop from {facts} to draw beside the portrait. Never comment on their looks.\nOUTPUT: {""style"":"""",""palette"":[""#""],""prop"":"""",""steps"":["""","""",""""],""caption"":""""}",- Any recipient with a good photo\n- Kids: their photo becomes a pixel hero\n- Milestone cards: the portrait doubles as the share preview,"Photo of Jamie turns, in three steps ('Sketching...', 'Colouring...', 'Done.'), into a 16-colour pixel portrait wearing a tiny cycling cap.","One clear, well-lit photo of the recipient, and 1 real prop or obsession to add beside the portrait.",Never comment on appearance. Some teens are photo-shy: make it optional. Say clearly that the photo is processed on the device. Get consent if others appear in the photo.
S12,Neutral.,"{PREAMBLE}\nSECTION: Life Timeline. A vertical timeline from early life to now, one screen per milestone.\nUse ONLY life events supplied in {facts} (kinds: memory, person, pet, value), with the year or age only if given. Write 6 to 9 nodes: when, title (max 6 words), blurb (max 22 words, warm or funny) and an icon or scene idea. End with a ""Now"" node (age {age}) and a ""Next chapter"" wish (max 20 words). If fewer than 4 real events exist, return {""skip"":true}.\nOUTPUT: {""nodes"":[{""when"":"""",""title"":"""",""blurb"":"""",""icon"":""""}],""next"":""""}","- Milestone birthdays: 40, 50, 60, 70\n- Long friendships and family cards\n- A child's 'story so far' in a parent's or grandparent's card","1996: 'Learned to ride a bike. Never stopped.'\n2012: 'Moved to Ottawa with two suitcases and a kettle.'\n2019: 'The espresso era begins.'\nNow: 'Forty, and only just getting started.'","4 or more real life events with a year or age (moves, first jobs, meeting the giver, big trips).","Never guess dates or events. Leave out painful milestones (loss, divorce, illness) unless the giver includes them and confirms. Ask before publishing ages of others in the story."
S13,Neutral.,"{PREAMBLE}\nSECTION: Performance Review. A six-row review with star ratings and comments for {subject} (the recipient, or the pet named in {facts}).\nWrite 6 competencies: title (max 4 words, workplace-speak tied to a real trait), stars (1 to 5; 5 stars for the things that matter) and comment (max 18 words). Add an overall verdict (max 20 words, promotes them to something warm) and a sign-off (""Reviewed by {from}""). The lowest rating must be about a harmless quirk, never a real flaw.\nOUTPUT: {""subject"":"""",""rows"":[{""title"":"""",""stars"":0,""comment"":""""}],""verdict"":"""",""signoff"":""""}","- Workplace friends and colleagues\n- A parent as 'manager of the household'\n- A pet's annual review, paired with the Talking Pet Cameo","Punctuality: 2 of 5. Consistent, in its way.\nSnack Logistics: 5 of 5. Industry-leading.\nVerdict: Promoted to friend for life.","4 to 6 traits or habits, and whether the review is for the person or a pet.","Low ratings must never touch appearance, health, money or intelligence. Keep the lowest score on a harmless quirk."
S14,Neutral.,"{PREAMBLE}\nSECTION: Talking Pet Cameo. The recipient taps the pet or object and it speaks a random line.\nThe character is {pet_or_object} from {facts}. Write 10 speech-bubble lines (max 14 words each) in ITS voice (dog: eager; cat: disdainful; rabbit: dry; plant: passive-aggressive), each about a real detail in {facts}. Line 10 is the warm one and appears only after 9 taps. Also give: sound (bark, meow, squeak, chirp, boop), a name tag, one thing it loves and one thing it hates, both from real facts.\nOUTPUT: {""character"":"""",""voice"":"""",""sound"":"""",""lines"":[""x10""],""loves"":"""",""hates"":""""}","- A dog, cat or rabbit with a name\n- A child with a stuffed toy or an imaginary friend\n- An adult with a plant, a car or the espresso machine as the talking object","Tap Bean: 'Riley says I'm a space rabbit. I say she's late for carrots.'\nTap 9: 'Happy birthday. I chewed the card. Sorry. Love, Bean.'","The pet's name and species (or a beloved object), 3 or more real details about it, and what it means to the recipient.","Ask whether the pet is still alive. If not, offer a gentle tribute variant or skip. Only use a pet the giver named."
S15,Neutral.,"{PREAMBLE}\nSECTION: Fake Diagnostic Scan. The recipient presses ""Run diagnostic"" on {subject} (the person, or a beloved object from {facts}) and readings appear one by one.\nWrite 6 rows: label (max 3 words), reading (a number or short status), status (OK, WARN, FAIL or LEGEND) and a note (max 10 words). Include one comparison to a ""control group"" (regular humans). Finish with a verdict (max 16 words) that lands on a compliment. A FAIL row is allowed only for a harmless quirk. Label the readings ""illustrative"".\nOUTPUT: {""subject"":"""",""rows"":[{""label"":"""",""reading"":"""",""status"":"""",""note"":""""}],""control_group_line"":"""",""verdict"":""""}","- Tech, car and bike fans\n- Someone whose espresso habit is 'measurable'\n- Any obsession with a natural number: laps, pages, cups",Caffeine: 340% of control group. LEGEND.\nPunctuality: 62%. WARN.\nVerdict: Functioning perfectly. Do not fix.,"4 to 6 real traits, quirks or obsessions that can be 'measured', and optionally a beloved object.","Avoid medical-sounding readings (blood pressure, weight, heart rate). Mark all numbers as illustrative. Sad-trombone sound only for harmless quirks."
S16,Neutral. The default sporty look can skew 'gamer': re-skin to their interests.,"{PREAMBLE}\nSECTION: Trading Card. A collectible card for {name} with a holographic tilt.\nWrite: title (name plus epithet, max 5 words), type_line (""Legendary Friend - Cyclist""), rarity (Common, Rare, Epic or Legendary), 5 stats (0 to 100 or out of 10; funny but flattering; at least 2 maxed out from real strengths), one ability (name max 3 words; effect max 18 words tied to a real habit), flavour (max 16 words; use {phrase} if there is one), and an art_prompt (a photo-to-art treatment if a photo exists, else an emblem idea).\nOUTPUT: {""title"":"""",""type_line"":"""",""rarity"":"""",""stats"":[{""name"":"""",""value"":0}],""ability"":{""name"":"""",""text"":""""},""flavour"":"""",""art_prompt"":""""}","- Sporty, gaming or collecting friends\n- Kids: a Legendary 9-year-old with 'Rabbit Whisperer' ability\n- A group gift: one card per guest","JAMIE 'The Latecomer'. Legendary Friend (Cyclist).\nPatience 3/10. Snack Power 10/10.\nAbility, Second Wind: arrives late, and the party gets better.\n""It's fine, I'll meet you there.""","Name, 4 or more traits or habits, a catchphrase if any, and optionally a photo for the art.",Stats must flatter. No low scores on looks or intelligence. Tilt effect needs motion permission on some phones: fall back to drag.
S17,Neutral.,"{PREAMBLE}\nSECTION: Framework Briefing. A mock consulting briefing that explains {name} with a memorable framework.\nInvent a framework name (e.g. ""The 4 Ps of Being Late"") with 4 to 6 parts. Each part: name (max 3 words), insight (max 18 words, tied to a real habit or memory in {facts}) and a chart (type curve, quadrant, bar or funnel, with 4 to 6 points and axis labels). Add a recommendation slide (warm and actionable) and a next-steps list. Label all data ""illustrative"".\nOUTPUT: {""framework"":"""",""parts"":[{""name"":"""",""insight"":"""",""chart"":{""type"":"""",""x"":"""",""y"":"""",""points"":[0]}}],""recommendation"":"""",""next_steps"":[""""]}","- A colleague or friend with an office sense of humour\n- Someone with a repeated pattern: always late, always 'one last thing'\n- Friends who love a satirical chart","'The 4 Ps of Arriving Fashionably': Planning (optimistic), Pedalling (fast), Pit stop (coffee), Presents (snacks). Chart: arrival time vs enthusiasm.","3 or more habits or memories, and an audience that enjoys office humour.",Office jargon excludes people who never worked in an office. Keep captions plain-language and give every chart alt text. Never present data as real.
S18,Neutral.,"{PREAMBLE}\nSECTION: Official Decree. A mock executive order that makes {name}'s birthday a holiday.\nWrite: title (""Executive Order No. {age}""), 3 or 4 ""Whereas"" clauses (max 20 words, each tied to a real fact), Sections 1 to 4 (max 22 words each; decree rules like ""All snacks shall be brought""), signer (""{from}""), a stamp label, a hidden memo (max 20 words) shown after signing that reveals a warm secret, and an opposition response (max 20 words, absurd). Legal-sounding, never mean. Add ""Not an actual law.""\nOUTPUT: {""title"":"""",""whereas"":[""""],""sections"":[""""],""signer"":"""",""stamp"":"""",""memo"":"""",""opposition"":""""}",- Any adult or teen who enjoys 'making it official'\n- Kids: 'By royal decree...' with a big stamp\n- Parents: 'Executive Order: Dad's Day',WHEREAS Jamie brings snacks; WHEREAS snacks improve every trip; NOW THEREFORE Section 1: All parties shall wait ten minutes.\n[Sign into law] then memo: 'We would wait longer.',"3 to 4 real facts (habits, quirks, what they are known for) and who signs.",No real legal claims or real government seals. Keep it obviously parody with 'Not an actual law'. Stamp sound optional.
S19,Neutral.,"{PREAMBLE}\nSECTION: Court Case. A tap-through mock trial with {name} as the defendant.\nWrite: case title, 3 charges (funny, harmless, from real habits in {facts}), 3 exhibits (label plus a 12-word description tied to a real memory), a witness (a real person or pet in {facts}, or ""The Snacks"") with a testimony (max 25 words), the judge's verdict (max 20 words) and a sentence (warm and silly, e.g. ""a lifetime of hugs""). Never accuse of anything real or serious. Add ""Not a real court.""\nOUTPUT: {""case"":"""",""charges"":[""""],""exhibits"":[{""label"":"""",""desc"":""""}],""witness"":{""who"":"""",""line"":""""},""verdict"":"""",""sentence"":""""}","- A friend with 'crimes': always late, hogs the playlist\n- Sibling roasts\n- A kid's 'Court of Cuteness'",Charge 1: Arriving ten minutes out (3 counts).\nExhibit A: a bag of snacks.\nVerdict: Guilty of making every trip better.\nSentence: a lifetime supply of thanks.,"3 harmless 'crimes' (habits), 3 exhibits (memories or objects), and a witness.","Charges must be harmless: no theft, violence or anything that could be true. Label it as pretend. Gavel sound optional."
S20,Neutral.,"{PREAMBLE}\nSECTION: Wanted Poster. A vintage wanted poster for {name}.\nWrite: headline (""WANTED for crimes against ...""), alias (nickname or epithet), 4 crimes (max 8 words, affectionate, from {facts}), last_seen (max 8 words, a real place or habit), reward (max 8 words, something the giver truly offers: a hug, dinner) and return_to (the giver, ""{from}""). Suggest a portrait treatment (sepia photo or silhouette). Friendly bounty only: no weapons, no danger.\nOUTPUT: {""headline"":"""",""alias"":"""",""crimes"":[""""],""last_seen"":"""",""reward"":"""",""return_to"":"""",""portrait"":""""}",- A friend with a legendary 'signature crime'\n- Kids: 'WANTED for cuddles'\n- Outdoorsy people: a western theme,"WANTED: Jamie 'Ten-Minutes-Out'.\nCrimes: espresso theft, snack smuggling, chronic lateness.\nLast seen: on a bike, with a bag.\nReward: one coffee. Return to: the gang.","Nickname or epithet, 4 habits, a favourite place, and a reward the giver can deliver.",Avoid gun imagery for children. It must never look like a real notice. Photo is optional; a silhouette works.
S21,Neutral.,"{PREAMBLE}\nSECTION: Fine Print. Scroll-to-accept terms and conditions for {name}'s friendship (or family membership).\nWrite 8 clauses (max 24 words each) titled like legal sections (""3.2 Punctuality""), each satirizing a real habit or fact in {facts}. One clause must be sincere (""7.1 We will always show up"") to land the heart. Add a cheeky Privacy clause (max 20 words), an accept label, a decline label (the button dodges or comes back) and an after-accept line. It must be readable in 40 seconds.\nOUTPUT: {""title"":"""",""clauses"":[{""n"":"""",""title"":"""",""text"":""""}],""accept"":"""",""decline"":"""",""after_accept"":""""}","- Friends who joke about 'the small print'\n- A long-time friend group: 'Terms of Being Jamie's Friend'\n- A team card: 'Team agreement, version 40'",3.2 Punctuality. Estimates of arrival are offered without warranty.\n7.1 We agree to wait anyway.\n[I agree]  [Decline] (the Decline button slides away),"4 to 6 real habits or quirks, plus one thing the giver truly promises.",Long legal text is dull on a phone: cap at 40 seconds. Keep the Accept button reachable and never trap the user.
S22,Neutral.,"{PREAMBLE}\nSECTION: Owner's Manual. A product manual for {name}, model ""{name} v{age}"".\nWrite: in_box (3 real items from {facts}), getting_started (3 steps, max 14 words each), care (3 real preferences), troubleshooting (4 rows: symptom then fix, from real habits, e.g. ""Won't start: coffee""), warnings (2, affectionate) and warranty (max 20 words, sincere: lifetime). Keep the voice of dry product documentation.\nOUTPUT: {""model"":"""",""in_box"":[""""],""getting_started"":[""""],""care"":[""""],""troubleshooting"":[{""symptom"":"""",""fix"":""""}],""warnings"":[""""],""warranty"":""""}","- Spouse, partner or parent cards: 'User Guide: Dad v60'\n- A high-maintenance-but-lovable friend\n- A sibling who runs on snacks and sarcasm","Won't start: coffee.\nRuns slow after 2 pm: snack.\nSudden silence: it is thinking. Do not interrupt.\nWarranty: lifetime, non-transferable.","3 or more real preferences, 4 habits ('symptoms'), and one sincere line for the warranty.","Keep troubleshooting to harmless quirks: no body, health, money or relationship 'faults'."
S23,Neutral.,"{PREAMBLE}\nSECTION: Résumé & Endorsements. A professional-style profile for {name}.\nWrite: headline (max 10 words), 3 experience entries (title, org from a real place or hobby in {facts}, dates left blank if unknown, bullet max 15 words), 6 skills each with an endorsement count and 2 endorsers taken ONLY from names in {facts}, and 2 recommendations in the voice of real people in {facts}, kind and clearly labelled ""dramatization"".\nOUTPUT: {""headline"":"""",""experience"":[{""title"":"""",""org"":"""",""bullet"":""""}],""skills"":[{""name"":"""",""endorsers"":[""""],""count"":0}],""recommendations"":[{""from"":"""",""text"":""""}]}",- Working adults and colleagues\n- A friend group: 'Skills: Being Late (99+)'\n- A retiree: 'Experience: 40 years of gardening',"Headline: Professional Snack Strategist | Espresso Evangelist.\nSkill: Being Late (99+), endorsed by Brian and Tim.\nRecommendation (dramatization): 'Would wait again.' Brian","4 skills or habits, real names of endorsers, and places or hobbies for 'experience'.",Recommendations put words in real people's mouths: label them 'dramatization' and let the giver approve. Do not imply real employment. Never use a real network's name or logo.
S24,Neutral.,"{PREAMBLE}\nSECTION: Group Chat Replay. An animated group chat where the friends plan {name}'s birthday and {name} joins at the end.\nUse ONLY names in {facts} and {from}. Write 12 to 16 messages (max 14 words each) with sender, text and delay_ms. They reference real habits and phrases in {facts}, include one ""left on read"" beat and one running joke, and end with {name}'s reply using their real catchphrase ({phrase}) if there is one. Label the chat ""Dramatization"" in the header. No swearing, nothing mean.\nOUTPUT: {""chat_name"":"""",""messages"":[{""from"":"""",""text"":"""",""delay_ms"":0}],""final_reply"":{""from"":"""",""text"":""""}}",- Friend groups with a real chat culture\n- Siblings: 'The Family Group Chat'\n- Teens: the squad chat,"Brian: he's on his way\nTim: define 'on his way'\nJamie: ten minutes out\nBrian: he said that at 6\nJamie: it's fine, I'll meet you there","Real names of 2 to 4 friends, a running joke, and the recipient's catchphrase.","Simulated lines put words in real people's mouths: keep them kind, label 'Dramatization', and let the giver approve. Never include private details or real chat logs."
S25,Neutral.,"{PREAMBLE}\nSECTION: Departure Board. A split-flap departure board where every row is about {name}.\nWrite a title (""Departures: {name}'s {age}th"") and 8 rows: time (blank if unknown), dest (a phrase from {facts}), gate (a joke, max 3 characters) and status (ON TIME, DELAYED, BOARDING, CANCELLED or LEGENDARY). Include the classic gag row for a real habit. The last row is the only BOARDING row and points to the cake. Add a one-line announcement (max 14 words).\nOUTPUT: {""title"":"""",""rows"":[{""time"":"""",""dest"":"""",""gate"":"""",""status"":""""}],""announcement"":""""}",- Travel lovers and people who are always running late\n- Long-distance friends: 'Arrivals: love from afar'\n- Milestones: 'Departures: age 39 to 40',20:00  CAKE  Gate 4U  BOARDING\n19:50  JAMIE  Gate ??  DELAYED\n19:45  SNACKS  Gate 1  ON TIME,"One time or travel habit, and 5 or more real places, foods or people to use as destinations.",Flip animation is motion-heavy: offer a static fallback for reduced-motion. Status must not rely on colour alone.
S26,Neutral. Default arcade look can read 'gamer': skin it to their world.,"{PREAMBLE}\nSECTION: Catch Game. The recipient moves a basket or character to catch falling items for 30 seconds.\nWrite: title (max 5 words), player (an object or pet from {facts}), 4 GOOD items from real obsessions (name plus a pixel-icon description; +1 each), 2 BAD items that are harmless jokes (name plus icon; -1 each), a golden item (worth 5), a win line at 15 or more (max 14 words) and a kind try-again line (max 14 words). Nobody loses.\nOUTPUT: {""title"":"""",""player"":"""",""good"":[{""name"":"""",""icon"":""""}],""bad"":[{""name"":"""",""icon"":""""}],""golden"":"""",""win"":"""",""try_again"":""""}","- Kids: catch falling stars and treats\n- Foodies: catch dropped dumplings\n- Jamie, 40: the cyclist catches snacks and dodges alarm clocks","Title: Snack Drop. Catch: croissants, oranges, energy bars. Avoid: alarm clocks.\nWin: 'You caught 15. The party is saved.'","3 or more obsessions (good items), 2 harmless annoyances (bad items), and a character.",Dragging is hard on small phones: allow tap-left/right and an easy mode with slow drops. No fail state. Large touch targets.
S27,Neutral.,"{PREAMBLE}\nSECTION: Tap Challenge. A big button counts taps with milestone messages and a confetti burst.\nChoose the button label and what is being counted (a real habit, e.g. ""Espresso Reps""). Write milestone messages for taps 1, 3, 5, 8, 10, 12, 15, 20 and 30 (max 10 words each, rising in silliness, referencing {facts}), a confetti line for tap 10, a warm secret at tap 50, and a stat label (""Reps"", ""Snacks"", ""Laps""). No body or fitness-shaming jokes.\nOUTPUT: {""button"":"""",""stat"":"""",""milestones"":{""1"":"""",""3"":"""",""5"":"""",""8"":"""",""10"":"""",""12"":"""",""15"":"""",""20"":"""",""30"":""""},""secret_50"":""""}",- A competitive or fitness person: 'Rep counter'\n- Kids: 'Tap the cake'\n- A coffee lover: 'Shots pulled',Tap 1: 'Warm-up.'  Tap 5: 'Feeling it?'\nTap 10: 'Confetti. Cardio is a lie.'\nTap 30: 'Please sit down. Have a biscuit.',"One habit that can be 'trained' or counted, plus 2 or 3 related facts.",Fast repeated tapping can strain hands: celebrate early and stop the count from mattering. No fitness or weight shaming. Provide a mute button.
S28,Neutral.,"{PREAMBLE}\nSECTION: Fill the Meter. Tapping fills a gauge that represents a real obsession (cups of coffee, laps, pages read).\nChoose the gauge label, the unit and the number of steps (8 to 10). Write a reaction per step (max 8 words each, escalating), a ""full"" celebration line (max 14 words), a ""reset"" gag that empties the meter once (e.g. ""It was decaf""), and a warm line after the last step (max 14 words). Avoid alcohol themes.\nOUTPUT: {""gauge"":"""",""unit"":"""",""steps"":[""""],""full"":"""",""reset_gag"":"""",""warm"":""""}",- Coffee and tea drinkers: cups until launch\n- Runners: kilometres to the cake\n- Bookworms: pages read,Cup 1: 'Awake-ish.'  Cup 5: 'Vibrating.'\nCup 8: 'Can see through time.'\nThen: 'It was decaf.' (reset),"One obsession with a natural unit, and its funniest 'side effect'.",No alcohol themes for kids or anyone sober. Keep caffeine gags gentle. Let the giver pick the meter theme.
S29,Neutral.,"{PREAMBLE}\nSECTION: Memory Match. A card-flip pairs game with 6 pairs (8 for older players).\nWrite: title (max 5 words) and 6 pairs. Each pair: icon (a pixel-art description of a real thing in {facts}), label (max 3 words) and note (max 12 words, a tiny fact or joke from {facts}, shown when matched). Add a finish line (max 16 words). For under-9s use 6 pairs with bigger tiles and very short notes.\nOUTPUT: {""title"":"""",""pairs"":[{""icon"":"""",""label"":"""",""note"":""""}],""finish"":""""}","- Kids and grandparents playing together\n- Someone with a strong 'world': gardener, cyclist, cook\n- A calm, low-pressure game",Pair: trowel + rosebush. Note: 'Fourteen bushes. Every one has a name.'\nFinish: 'You matched them all. Nan's garden salutes you.',"6 or 8 real objects, places or people, with one line about each.",Use icon plus text labels for accessibility. Keep tiles large. No timer.
S30,Neutral. Default arcade look can read 'gamer': re-skin it.,"{PREAMBLE}\nSECTION: Perfect Timing. A marker slides back and forth and the recipient taps to stop it in the target zone. Three rounds, each faster.\nTheme it on one real habit ({habit}): the marker (e.g. a cyclist), the target (e.g. ""cafe door""), 3 round names, and short reactions for MISS, CLOSE and PERFECT (max 8 words each, funny), plus a final line (max 14 words) that is warm whatever the score.\nOUTPUT: {""theme"":"""",""marker"":"""",""target"":"""",""rounds"":["""","""",""""],""miss"":"""",""close"":"""",""perfect"":"""",""final"":""""}","- A sporty or competitive person: the marker is a bike, ball or dart\n- Kids and teens who like escalating speed\n- A barista, chef or driver with a 'timing' habit",Round 1: stop the cyclist at the cafe door.\nMISS: 'Past the cafe again.'\nPERFECT: 'Caffeinated. Correct.',"One habit tied to timing or a place, plus a marker character.","Timing games frustrate some players: no fail state, allow unlimited retries, and give a warm final line regardless."
S31,Neutral.,"{PREAMBLE}\nSECTION: Spin the Wheel. A prize wheel with 8 segments; every spin lands on something good.\nWrite a title (max 5 words) and 8 segments: label (max 4 words) plus a result (max 16 words). Mix 3 gifts the giver can truly offer (""Dinner on me""), 3 jokes from real facts (""10 minute grace period"") and 2 warm messages. Mark one jackpot segment (always the same warm final message) that the wheel lands on at spin 3. Offer only things the giver can deliver.\nOUTPUT: {""title"":"""",""segments"":[{""label"":"""",""result"":""""}],""jackpot_index"":0}",- Kids' parties and family cards\n- A card that includes redeemable gifts (pair with Coupon Book)\n- Any adult who likes a little chance,"Segments: 'Dinner on me', '10 minute grace period', 'One free hug', 'Snack veto'.\nResult: 'You won the last biscuit.'","3 gifts the giver can truly deliver, 3 real jokes, and 2 warm messages.","Must never look like gambling: no money, no odds language, prizes are gifts and jokes. Provide a button alternative to flicking."
S32,Neutral.,"{PREAMBLE}\nSECTION: Word Puzzle. Choose ""crossword"" (5x5 mini, 4 to 6 entries) or ""wordsearch"" (10x10).\nGive 8 to 10 words (3 to 10 letters, A to Z only) drawn from {facts} (names, places, hobbies). For a crossword, add a clue for each (max 12 words, a joke or memory); for a word search, no clues. Add a hidden bonus word (their name or a warm 5-letter word) and the message revealed when everything is found. The generator lays out the grid: return only words and clues. Add a title (max 5 words).\nOUTPUT: {""mode"":"""",""title"":"""",""words"":[{""answer"":"""",""clue"":""""}],""bonus"":"""",""bonus_reveal"":""""}",- Crossword fans: Mum and her Sunday crossword\n- Kids: a word search of pets and favourite things\n- Quiet people who love a slow puzzle,"3 Across: 'Where the tomatoes live (5)' = PATCH.\nBonus when done: 'Happy birthday, Mum.'","8 to 10 words from their world (names, places, hobbies), with a clue for each.","Needs a grid generator and a validator. Answers must be A to Z: accents, hyphens and other alphabets need care. Use big tap targets for older hands."
S33,Neutral.,"{PREAMBLE}\nSECTION: Quiz. A 6-question multiple-choice quiz about {name}, built only from real facts.\nWrite 6 questions (max 16 words). Each has 3 options: 1 correct (from {facts}), 1 plausible decoy and 1 absurd decoy. Add a reaction for right and wrong (max 10 words each). Question 6 is warm (""What did {from} say...?""). Add 3 result tiers (scores 0-2, 3-4, 5-6) with a title and a one-line verdict that lands warm at every level. Mark which fact id each question uses.\nOUTPUT: {""title"":"""",""questions"":[{""q"":"""",""options"":["""","""",""""],""correct"":0,""fact_id"":"""",""right"":"""",""wrong"":""""}],""results"":[{""min"":0,""title"":"""",""line"":""""}]}",- The recipient who loves being 'known'\n- Group cards: guests answer 'How well do you know Jamie?'\n- Kids: picture answers about their favourites,Q3: Jamie's default excuse? A) Traffic  B) 'Ten minutes out'  C) A goose was involved.\nCorrect: B. Reaction: 'Of course.',"6 real facts the giver can confirm, and 1 warm question. Works for the recipient or for guests.",Wrong answers create embarrassment: ask the giver to confirm every fact. Never quiz on sensitive topics. Picture answers for young children.
S34,Neutral.,"{PREAMBLE}\nSECTION: Identity Check. A fake ""Prove you're {name}"" verification with three challenges, then a verified stamp.\nWrite: title (max 6 words); grid (a prompt like ""Select all squares with snacks"", 9 tile labels from real objects in {facts}, and the correct tile indexes); checkbox (a label, and the gag that happens on click); question (a security question only {name} would answer, with the answer taken from {facts}, max 8 words); success copy (max 16 words); and a warm ""verified human"" stamp message. Do not imitate any real service.\nOUTPUT: {""title"":"""",""grid"":{""prompt"":"""",""tiles"":[""""],""correct"":[0]},""checkbox"":{""label"":"""",""gag"":""""},""question"":{""q"":"""",""a"":""""},""success"":"""",""stamp"":""""}",- Teens and adults who live online\n- Anyone with a catchphrase or tic: 'I am not late'\n- Coworker cards,"Select all squares with snacks: bagel, bike bell, cheddar, traffic cone, croissant...\nStamp: 'Verified human. Suspiciously punctual? No.'","One object obsession (tiles), one habit (checkbox gag), and one fact only they would know.",Never copy a real CAPTCHA brand or logo. Not a real security check. No data collected.
S35,Neutral.,"{PREAMBLE}\nSECTION: Mad Libs. The recipient types words; the card writes a short story about {name}.\nWrite a 90 to 120 word story with 8 blanks ({noun}, {verb}, {adjective}, {place}, {food}, {number}, {animal}, {silly_word}). The fixed text carries real facts from {facts}; the blanks never contain facts. Give a prompt label for each blank, in story order. The final sentence is fixed and warm. Give the story a title. Keep it age-appropriate for {age}.\nOUTPUT: {""title"":"""",""blanks"":[{""key"":"""",""label"":""""}],""story"":""text with {key} tokens"",""warm_end"":""""}",- Kids 8 to 14 and family cards\n- Party-game friends\n- A long car ride,"'Jamie pedalled to the [place] carrying [number] bags of [food], singing [silly_word] at every [noun].'","4 or more facts for the story spine, and the recipient's age (to keep the words age-appropriate).",Typed words can be rude: filter them and do not save them. Grown-ups may need to type for under-7s.
S36,Neutral.,"{PREAMBLE}\nSECTION: The Year You Were Born. A page about the year {name} arrived.\nINPUT: {birth_year} and {DATA_PACK} for that year (prices, top songs, films, gadgets, sports champions, world firsts). Use ONLY items in {DATA_PACK}; never recall from memory. Choose 8 items and write, for each: category, item and a one-line tie-back to {facts} or a time-travel joke (max 16 words). Add an opener (""The year {name} arrived"") and a closing ""Then you turned up"" line. If no {DATA_PACK} is supplied, return {""skip"":true}.\nOUTPUT: {""year"":0,""opener"":"""",""items"":[{""category"":"""",""item"":"""",""line"":""""}],""closing"":""""}","- Milestone birthdays: 30, 40, 50, 60, 70\n- Grandparents who love nostalgia\n- Trivia fans",Opener: 'Here is what was going on the year you arrived.'\nItem: [number one song from the data pack]. Line: 'You have hummed it ever since.',Birth year (giver confirms they want it shown) and a vetted data pack for that year.,"Needs a vetted data pack: the model must not recall prices, songs or events. Some people keep their age private: confirm the giver wants the year shown."
S37,"Neutral. Choose the style from taste, not gender.","{PREAMBLE}\nSECTION: Sing-Along Song. Original lyrics for a 60 to 90 second synthesized track, with the current line highlighted in time.\nChoose a style (punk, sea shanty, lullaby, disco, country, light hip hop, power ballad) that matches {tone} and the person. Write 4 verses of 4 lines (max 9 words per line) and a 2-line chorus that includes {phrase} or the name. Rhyme AABB. Reference only real facts. No existing lyrics, artists or melodies: the tune is original. Also give bpm, mode (major or minor), a song title, a mixtape sleeve title, and an optional spoken tag.\nOUTPUT: {""title"":"""",""style"":"""",""bpm"":0,""mode"":"""",""verses"":[[""x4""]],""chorus"":["""",""""],""tag"":""""}",- Kids: a silly song with their name\n- Parents and grandparents: a gentle ballad or lullaby\n- Friends: a punk or disco roast,"Chorus: 'Ten minutes out, it's fine, we'll wait.\nHappy birthday, Jamie, worth the wait.'","A style preference or mood, 4 or more facts, and the recipient's catchphrase if there is one.",Original lyrics only: no copying real songs. Audio needs a tap to start: always show the lyrics as captions. Keep the volume sane and offer a mute.
S38,Neutral.,"{PREAMBLE}\nSECTION: Beat Pads. A 16-pad sampler where the recipient makes a beat from sounds tied to their world.\nName 8 pads (max 2 words, from {facts}) and give each a synth sound from: kick, snare, hat, clap, bell, blip, zap, bass, bark, tada. Write a starter loop (16 steps for 4 pads), a goal hint (max 10 words), a hidden combination (3 pads in order) that unlocks a warm message (max 16 words), and a title (max 5 words).\nOUTPUT: {""title"":"""",""pads"":[{""label"":"""",""sound"":""""}],""starter"":[[0,1]],""hint"":"""",""secret"":{""combo"":[0,1,2],""message"":""""}}","- Music lovers, teens and kids\n- Drummers and DJ friends\n- A card people keep playing with","Pads: 'Espresso hiss' (hat), 'Bike bell' (bell), 'Ten minutes' (voice), 'Snack crunch' (snare).",8 real things or phrases to turn into pad names.,Audio needs a tap to start. Provide visual pad flashes for people who cannot hear. Lower the master volume by default.
S39,Neutral.,"{PREAMBLE}\nSECTION: Voice Notes. Real voice messages recorded by the giver and friends, shown as tapes.\nYou do NOT write the words spoken. Write: an intro line (max 16 words); and for each contributor, a recording prompt (max 25 words, given {relationship} and {facts}: e.g. ""Tell {name} about the time..., 30 seconds, no planning""), a label for the tape (max 5 words, funny) and max_seconds. 3 to 6 notes, 90 seconds each at most.\nOUTPUT: {""intro"":"""",""notes"":[{""contributor"":"""",""prompt"":"""",""label"":"""",""max_seconds"":0}]}",- Grandparents and long-distance family\n- Kids hearing messages from far-away relatives\n- A group card where 5 friends each leave 30 seconds,"Tape 1: 'Nan says hi' (0:28).\nTape 2: 'Brian, the actual story' (0:41).\nTape 3: 'Tim, singing badly' (0:19).","3 to 6 short recordings (30 to 90 seconds) from real people, plus their names.",Needs mic permission and consent from every speaker. Embedded audio grows the downloadable file: cap at about 90 seconds each. Provide a transcript for accessibility.
S40,Neutral.,"{PREAMBLE}\nSECTION: Catchphrase Buttons. A soundboard: each big button plays one of {name}'s real phrases with a tiny animation.\nUse ONLY phrases in {facts} (kind: phrase), plus up to 4 mash-ups (max 8 words) that remix them. 6 to 8 buttons: label, line (max 10 words), anim (shake, zoom, confetti, spin or bounce) and a colour. Add one hidden button (revealed after 5 taps) whose line begins with their phrase and ends with a kindness.\nOUTPUT: {""buttons"":[{""label"":"""",""line"":"""",""anim"":"""",""color"":""""}],""secret"":{""line"":""""}}","- Someone known for a saying: 'It's fine, I'll meet you there'\n- Kids: sound buttons like 'Boing' and 'Roar'\n- Teens: a meme-style soundboard",Buttons: 'It's fine' / 'Ten minutes' / 'I'll meet you there' / 'Is there any coffee?'\nSecret: 'It's fine. We'll meet you there. We always do.',"3 or more real catchphrases, and optionally recordings.",A browser voice can sound robotic: recordings are better. Show the text on screen. Never use someone's voice without their consent.
S41,Neutral.,"{PREAMBLE}\nSECTION: The Letter. A short letter, in the giver's voice, that lands the real reason {from} adores {name}.\nWrite 90 to 140 words in first person, warm, specific, plain words. Structure: one line that calls back a joke from earlier in the card; 2 or 3 sentences on a real story or value from {facts}; one sentence that states the truth in plain words (e.g. ""The snacks were never the point.""); a simple sign-off. No cliches (""you mean the world""), no exclamation marks. Add a P.S. (max 14 words, light). Suggest a font style (handwriting, typewriter or marker).\nOUTPUT: {""greeting"":"""",""body"":"""",""truth_line"":"""",""signoff"":"""",""ps"":"""",""style"":""""}","- Every card: the emotional peak before the finale\n- A parent to a child, read aloud\n- A long friendship: 'the real reason'","'Jamie, the snacks were never the point. It's that when you turn up, the whole trip changes shape. Happy 40th. Brian and Tim.'\nP.S. We started without you.","The reason the giver adores them (the real point of the card), 1 real story, and how the giver signs.","Never invent feelings: the giver approves the letter before publishing. Plain beats sappy. For young children, an adult reads it aloud."
S42,Neutral.,"{PREAMBLE}\nSECTION: N Reasons. A counter runs up to {age} while reasons flick past; a few stop and glow.\nWrite 7 reasons (max 14 words each, from {facts}) numbered at spaced values (e.g. 1, 4, 9, 17, 25, 33, then {age} minus 1), and a final reason numbered {age} (max 20 words, the most sincere). Add a blur line (max 12 words) for the rest (""...and a few hundred more we ran out of room for""). Count-up duration is 6 seconds.\nOUTPUT: {""reasons"":[{""n"":0,""text"":""""}],""blur"":"""",""final"":{""n"":0,""text"":""""}}","- Milestone birthdays: 30, 40, 50, 60\n- A child's card from a parent: 'Nine reasons'\n- A partner's card with sincere, specific reasons",Counter races to 40. It stops at '4. You always ask about my day.' Then '17. The snacks.' Finally '40. Because you turn up.',"6 to 8 real reasons the giver loves them (small, specific ones are best), plus the age.",Keep the count-up under 8 seconds; for 80+ speed it up. Do not make the age itself the joke unless the giver says that is OK.
S43,Neutral.,"{PREAMBLE}\nSECTION: Coupon Book. 6 redeemable coupons the giver truly promises.\nWrite 6 coupons: title (max 5 words), fine_print (max 14 words, a joke) and tag (Free, Priority, Unlimited or One-time). At least 3 are sincere and doable (""One bike-shop trip, my treat""), 2 are jokes and 1 is a blank ""Ask me anything"". Add a redeem button label and a message shown after redeeming (max 12 words). Do NOT offer anything costly, romantic or hard to keep unless {facts} say it is welcome.\nOUTPUT: {""coupons"":[{""title"":"""",""fine_print"":"""",""tag"":""""}],""redeem_label"":"""",""redeemed_line"":""""}","- Parents, partners and siblings offering real help\n- Kids giving to parents: 'One tidy room'\n- Friends: 'One airport run, any hour'","'One airport run, any hour.'\n'One free bike tune-up.'\n'One 'told you so' (unused).'","3 or more things the giver will actually do, and 2 jokes.",Coupons are promises: only offer what the giver will do. No redemption backend is needed (a mailto or a screenshot works). No costly or romantic offers by default.
S44,Neutral.,"{PREAMBLE}\nSECTION: Group Signature Wall. Each contributor adds a message, a doodle or a photo; the wall shows them as sticky notes.\nWrite: an invitation the giver sends to contributors (max 45 words: what to write, the deadline, friendly); 3 tap-to-use note starters (""The time {name}...""); a wall title (max 5 words); an empty-state line (max 12 words). Moderation rule to apply to every note: reject anything that mentions {avoid}, and rewrite mean jokes as neutral.\nOUTPUT: {""invite"":"""",""starters"":["""","""",""""],""title"":"""",""empty_state"":""""}",- A team or friend-group card\n- A big family milestone: 70th or 80th with many contributors\n- A class card for a teacher,"A wall of 14 notes: 'Happy 40th!' from Tim, a doodle from Priya, a voice note from Nan.","Names or emails of contributors, a deadline, and the recipient's basics.","Needs a collection flow: deadlines, moderation, a way to remove a note, consent from each contributor. Child-safety checks on doodles and photos. The wall must stay private to the link."
S45,Neutral.,"{PREAMBLE}\nSECTION: Fortune Cookie. The recipient taps to crack a cookie and read a fortune. Five cookies.\nWrite 5 fortunes (max 18 words each): 2 funny predictions from real habits (""You will arrive ten minutes late to your own party.""), 2 sincere lines and 1 lucky-number line using {age} plus 3 other numbers. Fortune 5 is the real one from the giver's heart. Add a lucky item and a lucky colour. Fortunes are jokes: no predictions about health, money or relationships.\nOUTPUT: {""fortunes"":[""x5""],""lucky_numbers"":[0],""lucky_item"":"""",""lucky_colour"":""""}","- Any age: low effort, high charm\n- When the interview gave few facts\n- A sweet bonus before the ending","'You will arrive ten minutes late to your own party. The party will wait.'\nLucky numbers: 40, 3, 11, 27.",Very little: 2 habits and the age. Great for sparse interviews.,"Keep predictions obviously silly: nothing about health, money or love. Keep the cookie shape simple to tap."
S46,Neutral.,"{PREAMBLE}\nSECTION: Top 5 Countdown. A TV-style countdown reveals the ""Top 5 things about {name}"" from #5 to #1.\nWrite a list title (max 8 words), a host intro (max 14 words) and 5 entries: rank, title (max 12 words) and why (max 18 words), from {facts}. #5 and #4 are funny, #3 is a memory, #2 is a quirk we love, #1 is the sincere reason. Add a drumroll line before #1.\nOUTPUT: {""title"":"""",""intro"":"""",""entries"":[{""rank"":5,""title"":"""",""why"":""""}],""drumroll"":""""}",- Group cards as an opener or closer\n- Families: 'Top 5 Nan-isms'\n- A teacher's card from the class,#5 Your playlists. #4 Your bike bell. #3 The night we missed the last train. #2 How you remember everyone's coffee. #1 You turn up.,"5 real things (funny ones first, a story, and one sincere reason).",Allow 'skip to #1'. Drumroll sound optional and quiet.
S47,Neutral.,"{PREAMBLE}\nSECTION: Launch Sequence. A big red button starts a scripted countdown, then the payoff.\nChoose a theme: deploy, rocket, cake_vault, confetti_cannon or time_machine (match {facts}). Write: the button label (max 4 words), 12 typed status lines (max 40 characters each; the middle ones turn real habits into tasks, e.g. ""Loading punctuality... skipped""), a final GO line and a payoff message (max 16 words). The payoff triggers the finale: cake, confetti and a track.\nOUTPUT: {""theme"":"""",""button"":"""",""lines"":[""x12""],""go"":"""",""payoff"":""""}",- Tech-loving people (and anyone who likes a big red button)\n- Kids: 'Blast off the birthday'\n- Team cards: 'Deploy birthday to production',[DEPLOY BIRTHDAY]\nCompiling cake... OK\nLoading punctuality... skipped\nMerging 40 candles... OK\nRelease ready.,"A theme that suits them (tech, space, kitchen) and 3 or more habits to work in as 'tasks'.",Keep sounds short and offer a mute. The button is harmless: no 'delete' or 'destroy' language. Reduced-motion users get the lines without shaking.
S48,Neutral.,"{PREAMBLE}\nSECTION: Candle Blowout. A cake with {age} candles (show at most 9, then ""+N more"") that the recipient blows out with the mic or taps out one by one.\nWrite: a cake description (max 8 words, tied to {facts}), 3 wish prompts (max 12 words each), a reaction for each candle going out (max 6 words), an optional trick-candle gag (only if {tone} allows) and the final greeting (max 16 words).\nOUTPUT: {""cake"":"""",""wish_prompts"":["""","""",""""],""candle_lines"":[""""],""trick_gag"":"""",""final"":""""}","- Any age: the emotional beat before the final greeting\n- Kids: blow into the mic and cheer\n- A quiet, sincere card: candles out one by one","Nine candles are lit: '+31 more, we ran out of cake.' Tap each out: 'One down. Two...' Final: 'Happy birthday, Jamie.'","Age, and one thing about the cake or the celebration (their favourite flavour, a running joke).",The mic is optional: always offer a tap fallback. Do not display the exact age if the giver flags age as private. Some people do not celebrate birthdays: let the giver skip this section.
S49,Neutral.,"{PREAMBLE}\nSECTION: Credits & Easter Egg. Rolling end credits with fake job titles and a hidden reboot.\nWrite 8 to 10 credit lines (role and name), with roles from real facts and names ONLY from {from} and real people in {facts}. Add a ""Special thanks"" line (a pet, the espresso machine), a fine-print line (""No punctuality was harmed""), an easter egg (where it hides, plus a warm secret line, max 20 words) and a sign-off (""Refresh to replay"").\nOUTPUT: {""credits"":[{""role"":"""",""name"":""""}],""thanks"":"""",""fine_print"":"""",""easter_egg"":{""where"":"""",""message"":""""},""signoff"":""""}",- Every card ending\n- Group cards where each contributor gets a credit\n- Teens who like hidden extras,Directed by Brian and Tim.\nSnack Logistics: Jamie.\nPunctuality Consultant: (position vacant).\nNo bicycles were harmed.,"Real names of the giver(s) and the friends who helped, and 2 or 3 running jokes.",Only credit people who agreed to be named. Credits must stop scrolling for slow readers (tap to pause).
S50,Neutral.,"{PREAMBLE}\nSECTION: Achievements Unlocked. Small badges pop up as the recipient explores the card.\nWrite 12 achievements: name (max 3 words), desc (max 10 words), trigger (from: open_card, tap_pet, score_10, finish_song, find_secret, read_letter, blow_candles, spend_60s, visit_all_sections, tap_5x), icon (an idea) and rarity. At least 4 are funny (""Punctual? No.""), 2 are hidden, and the last, ""100%: Loved"", unlocks when all others are earned. Refer only to real facts.\nOUTPUT: {""achievements"":[{""name"":"""",""desc"":"""",""trigger"":"""",""icon"":"""",""rarity"":""""}]}","- Game-loving recipients: kids, teens, adults\n- Long cards with many sections\n- When you want people to replay the card",'Punctual? No.' (open the card)\n'Bark Whisperer' (tap the dog 10 times)\n'100%: Loved' (see everything),A few running jokes and the card's other sections (the triggers come from them).,Throttle pop-ups to one every 3 seconds so they do not cover the card. Provide a list view. Sound optional.
