theme_id,section_id,fit
T01,S09,shines
T01,S10,shines
T01,S12,shines
T01,S14,shines
T01,S16,shines
T01,S22,shines
T01,S46,shines
T01,S02,works
T01,S03,works
T01,S08,works
T01,S11,works
T01,S17,works
T01,S33,works
T01,S35,works
T01,S36,works
T01,S41,works
T01,S42,works
T01,S45,works
T01,S49,works
T01,S01,avoid
T01,S24,avoid
T01,S38,avoid
T02,S01,shines
T02,S06,shines
T02,S15,shines
T02,S17,shines
T02,S18,shines
T02,S27,shines
T02,S28,shines
T02,S47,shines
T02,S02,works
T02,S03,works
T02,S05,works
T02,S13,works
T02,S16,works
T02,S21,works
T02,S22,works
T02,S23,works
T02,S24,works
T02,S30,works
T02,S34,works
T02,S46,works
T02,S49,works
T02,S50,works
T02,S08,avoid
T02,S10,avoid
T02,S11,avoid
T03,S07,shines
T03,S14,shines
T03,S16,shines
T03,S26,shines
T03,S27,shines
T03,S31,shines
T03,S47,shines
T03,S50,shines
T03,S03,works
T03,S04,works
T03,S12,works
T03,S18,works
T03,S20,works
T03,S29,works
T03,S30,works
T03,S33,works
T03,S34,works
T03,S35,works
T03,S41,works
T03,S48,works
T03,S49,works
T03,S17,avoid
T03,S23,avoid
T03,S24,avoid
T04,S10,shines
T04,S12,shines
T04,S36,shines
T04,S41,shines
T04,S42,shines
T04,S43,shines
T04,S44,shines
T04,S03,works
T04,S08,works
T04,S11,works
T04,S22,works
T04,S25,works
T04,S33,works
T04,S39,works
T04,S45,works
T04,S46,works
T04,S48,works
T04,S49,works
T04,S15,avoid
T04,S27,avoid
T04,S38,avoid
T05,S03,shines
T05,S04,shines
T05,S05,shines
T05,S16,shines
T05,S20,shines
T05,S46,shines
T05,S50,shines
T05,S02,works
T05,S12,works
T05,S13,works
T05,S14,works
T05,S18,works
T05,S31,works
T05,S33,works
T05,S34,works
T05,S37,works
T05,S38,works
T05,S40,works
T05,S41,works
T05,S45,works
T05,S47,works
T05,S48,works
T05,S49,works
T05,S17,avoid
T05,S21,avoid
T05,S32,avoid
T06,S37,shines
T06,S38,shines
T06,S39,shines
T06,S40,shines
T06,S41,shines
T06,S46,shines
T06,S49,shines
T06,S03,works
T06,S05,works
T06,S10,works
T06,S12,works
T06,S14,works
T06,S16,works
T06,S33,works
T06,S34,works
T06,S36,works
T06,S42,works
T06,S44,works
T06,S47,works
T06,S48,works
T06,S50,works
T06,S17,avoid
T06,S21,avoid
T06,S32,avoid
T07,S07,shines
T07,S16,shines
T07,S26,shines
T07,S27,shines
T07,S29,shines
T07,S30,shines
T07,S47,shines
T07,S50,shines
T07,S01,works
T07,S03,works
T07,S04,works
T07,S28,works
T07,S31,works
T07,S33,works
T07,S34,works
T07,S35,works
T07,S38,works
T07,S40,works
T07,S46,works
T07,S48,works
T07,S49,works
T07,S17,avoid
T07,S23,avoid
T07,S32,avoid
T08,S02,shines
T08,S13,shines
T08,S16,shines
T08,S26,shines
T08,S27,shines
T08,S30,shines
T08,S46,shines
T08,S50,shines
T08,S03,works
T08,S04,works
T08,S05,works
T08,S06,works
T08,S09,works
T08,S12,works
T08,S20,works
T08,S24,works
T08,S28,works
T08,S31,works
T08,S33,works
T08,S34,works
T08,S47,works
T08,S49,works
T08,S22,avoid
T08,S32,avoid
T08,S45,avoid
T09,S07,shines
T09,S08,shines
T09,S14,shines
T09,S16,shines
T09,S20,shines
T09,S24,shines
T09,S35,shines
T09,S03,works
T09,S04,works
T09,S05,works
T09,S06,works
T09,S09,works
T09,S12,works
T09,S13,works
T09,S18,works
T09,S19,works
T09,S26,works
T09,S33,works
T09,S34,works
T09,S40,works
T09,S41,works
T09,S47,works
T09,S48,works
T09,S49,works
T09,S17,avoid
T09,S21,avoid
T09,S32,avoid
T10,S04,shines
T10,S11,shines
T10,S14,shines
T10,S26,shines
T10,S29,shines
T10,S31,shines
T10,S48,shines
T10,S03,works
T10,S07,works
T10,S08,works
T10,S10,works
T10,S12,works
T10,S27,works
T10,S35,works
T10,S39,works
T10,S41,works
T10,S43,works
T10,S44,works
T10,S49,works
T10,S06,avoid
T10,S13,avoid
T10,S19,avoid
T10,S23,avoid
T11,S04,shines
T11,S16,shines
T11,S29,shines
T11,S40,shines
T11,S43,shines
T11,S50,shines
T11,S03,works
T11,S10,works
T11,S11,works
T11,S12,works
T11,S14,works
T11,S26,works
T11,S27,works
T11,S31,works
T11,S33,works
T11,S35,works
T11,S41,works
T11,S42,works
T11,S44,works
T11,S48,works
T11,S49,works
T11,S17,avoid
T11,S23,avoid
T11,S32,avoid
T12,S12,shines
T12,S18,shines
T12,S20,shines
T12,S32,shines
T12,S36,shines
T12,S46,shines
T12,S02,works
T12,S03,works
T12,S06,works
T12,S10,works
T12,S13,works
T12,S17,works
T12,S21,works
T12,S22,works
T12,S23,works
T12,S33,works
T12,S34,works
T12,S41,works
T12,S42,works
T12,S44,works
T12,S49,works
T12,S01,avoid
T12,S26,avoid
T12,S38,avoid
T13,S05,shines
T13,S07,shines
T13,S09,shines
T13,S12,shines
T13,S16,shines
T13,S20,shines
T13,S49,shines
T13,S02,works
T13,S03,works
T13,S06,works
T13,S10,works
T13,S11,works
T13,S13,works
T13,S14,works
T13,S19,works
T13,S24,works
T13,S33,works
T13,S34,works
T13,S41,works
T13,S42,works
T13,S46,works
T13,S48,works
T13,S01,avoid
T13,S17,avoid
T13,S38,avoid
T14,S03,shines
T14,S25,shines
T14,S37,shines
T14,S38,shines
T14,S46,shines
T14,S47,shines
T14,S49,shines
T14,S01,works
T14,S04,works
T14,S05,works
T14,S12,works
T14,S16,works
T14,S26,works
T14,S30,works
T14,S33,works
T14,S34,works
T14,S39,works
T14,S40,works
T14,S41,works
T14,S48,works
T14,S50,works
T14,S17,avoid
T14,S21,avoid
T14,S23,avoid
T15,S13,shines
T15,S15,shines
T15,S17,shines
T15,S18,shines
T15,S21,shines
T15,S22,shines
T15,S23,shines
T15,S01,works
T15,S02,works
T15,S03,works
T15,S06,works
T15,S12,works
T15,S16,works
T15,S27,works
T15,S28,works
T15,S30,works
T15,S33,works
T15,S34,works
T15,S41,works
T15,S46,works
T15,S47,works
T15,S49,works
T15,S08,avoid
T15,S10,avoid
T15,S11,avoid
T16,S10,shines
T16,S12,shines
T16,S25,shines
T16,S36,shines
T16,S41,shines
T16,S42,shines
T16,S02,works
T16,S03,works
T16,S06,works
T16,S09,works
T16,S13,works
T16,S16,works
T16,S18,works
T16,S22,works
T16,S33,works
T16,S39,works
T16,S43,works
T16,S45,works
T16,S46,works
T16,S48,works
T16,S49,works
T16,S01,avoid
T16,S27,avoid
T16,S38,avoid
T17,S04,shines
T17,S26,shines
T17,S27,shines
T17,S28,shines
T17,S29,shines
T17,S30,shines
T17,S31,shines
T17,S03,works
T17,S05,works
T17,S14,works
T17,S16,works
T17,S18,works
T17,S20,works
T17,S33,works
T17,S34,works
T17,S35,works
T17,S40,works
T17,S43,works
T17,S45,works
T17,S47,works
T17,S48,works
T17,S50,works
T17,S17,avoid
T17,S23,avoid
T17,S32,avoid
T18,S06,shines
T18,S13,shines
T18,S15,shines
T18,S18,shines
T18,S19,shines
T18,S20,shines
T18,S21,shines
T18,S34,shines
T18,S02,works
T18,S03,works
T18,S05,works
T18,S09,works
T18,S12,works
T18,S16,works
T18,S17,works
T18,S22,works
T18,S23,works
T18,S24,works
T18,S33,works
T18,S35,works
T18,S46,works
T18,S47,works
T18,S49,works
T18,S38,avoid
T18,S43,avoid
T18,S45,avoid
T19,S10,shines
T19,S11,shines
T19,S12,shines
T19,S36,shines
T19,S41,shines
T19,S42,shines
T19,S44,shines
T19,S02,works
T19,S03,works
T19,S08,works
T19,S13,works
T19,S16,works
T19,S17,works
T19,S22,works
T19,S33,works
T19,S39,works
T19,S43,works
T19,S45,works
T19,S46,works
T19,S48,works
T19,S49,works
T19,S27,avoid
T19,S38,avoid
T19,S50,avoid
T20,S21,shines
T20,S33,shines
T20,S42,shines
T20,S43,shines
T20,S45,shines
T20,S46,shines
T20,S48,shines
T20,S02,works
T20,S03,works
T20,S04,works
T20,S10,works
T20,S12,works
T20,S13,works
T20,S14,works
T20,S16,works
T20,S18,works
T20,S24,works
T20,S31,works
T20,S35,works
T20,S36,works
T20,S41,works
T20,S44,works
T20,S49,works
T20,S01,avoid
T20,S27,avoid
T20,S38,avoid
