id,gender_fit,prompt_template,when_it_makes_sense,example_card_a,example_card_b,facts_that_drive_the_look,fixed_dna,watch_outs
T01,"Neutral. Palettes run from earthy to slate to night, and the motif comes from the person's own world.","{THEME_PREAMBLE}\nTHEME: Field Guide. The recipient is a species. Every scene is a numbered plate with a caption and a margin note.\nKIT: {KIT}\nDERIVE: Motif from the strongest obsession or habitat fact (birds only if the facts point to birds). Binomial: genus from the name, species from a habit, in mock-Latin, with an English gloss underneath. Dryness follows {tone}: warm means 'observed with admiration', roasty means 'observed with concern'. Plate count equals scene count. With 3 photos or fewer, draw the rest; never leave a plate empty.\nOUTPUT: {THEME_JSON} + {""binomial"":"""",""gloss"":"""",""edition"":"""",""plate_titles"":[""""],""margin_note_voice"":""""}","A nature, garden, birdwatching or hiking person, or anyone whose habits are worth 'studying'.\nA warm, witty card for a partner or parent where a loud roast would feel wrong.\nAdult and senior recipients: readable serif type, slow pace, no dexterity needed.","Ren, 41, cyclist and coffee obsessive, from friends. Night Survey palette; Cormorant Garamond + Lora + IBM Plex Mono; range map with pinned sightings; tools-as-fauna motif; pin drop; tick sightings. Binomial 'Velocipedus caffeinatus'. Reads as a dark, dry survey of a rare bike-café species.","Nan, 78, gardener, from her grandchildren. Herbarium Sepia palette; IM Fell English + Libre Baskerville; facing pages; botanical motif; ink draw-on; turn a page corner. Binomial 'Nana hortensis'. Reads as a pressed-flower keepsake. Differs from Ren's card on all 6 axes.",Obsession or habit: the specimen subject and the Latin pun.\nPlace they live in or love: the habitat plate and range map.\nAge: the edition number and reading level.\nTone: how dry the annotations are.\nNumber of photos: plates versus field photographs.\nFavourite setting or colour: palette.,"Every scene is a numbered plate or page with a caption block and a margin note.\nThe recipient is catalogued under an invented binomial name (a pun on their name and a habit).\nArt is one-colour line or wash drawing in inline SVG. Photos, if any, sit as mounted 'field photographs'.\nUnhurried pacing: pages settle, nothing bounces.","Drawings must be simple, template-built SVG: never promise realistic illustration. Every Latin pun needs a gloss line. Skip animals the recipient dislikes and any 'species' joke about body or health. Marginalia are decoration: keep them short."
T02,"Neutral in structure but often read as male-coded. Re-skin with Amber Terminal, Ultraviolet or Paper Tape, and build the modules from the person's own hobbies rather than gadgets.","{THEME_PREAMBLE}\nTHEME: Firmware. The card is a device that boots, profiles the recipient and runs diagnostics.\nKIT: {KIT}\nDERIVE: Device name from the recipient's name (NAME.EXE, NAME-OS, unit NAME-40). One module per fact, named from habits and obsessions. Version number from the age. Severity words follow {tone}. One flicker effect per scene at most, never on body text. Always include a skip-boot control.\nOUTPUT: {THEME_JSON} + {""device_name"":"""",""version"":"""",""boot_lines"":[""x8""],""modules"":[{""fact"":"""",""label"":"""",""status"":""""}],""warning_line"":""""}","Tech-minded friends, gamers and engineers.\nAffectionate adult roasts and any recipient who likes mock-serious documents.\nA card that should feel closest to Jordan.EXE.","Sam, 16, gamer, from a best friend. Ultraviolet palette; VT323 + Share Tech Mono; full-screen console; pixel icons motif; typed lines; press any key. Device 'SAM-OS 16.0'.","Priya, 34, project lead, from her team. Paper Tape palette; DM Mono + Syne; stamped document on the desk; stamps and barcodes; snap cut; hold to run a diagnostic. 'Unit PRIYA-34: overcommitted, still shipping.' Differs on all 6 axes.","Profession or hobby: module names.\nHabits: warnings and error codes.\nAge: the version number.\nTone: severity words (roast says WARNING, warm says ADVISORY).\nLove of retro tech: CRT texture option.\nTheir name: the device name.","Starts with a boot sequence and a tap or key gate.\nInformation alternates between huge statements, diagnostic panels and stamped documents.\nMonospace metadata on everything (edition label, timestamps, status codes), one controlled accent and one warning colour.\nShort, purposeful transitions. No continuous flicker.","Flicker can trigger photosensitivity: nothing flashing more than 3 times a second, and honour reduced-motion. Monospace is tiring past a few lines, so long copy uses the text face. No fake warnings about real security, money or health."
T03,"Neutral. Fantasy, space and cosy worlds are all in the kit. The hero's class and pronouns come from the giver.","{THEME_PREAMBLE}\nTHEME: Quest Log. The birthday is a quest chain and the recipient is the hero.\nKIT: {KIT}\nDERIVE: Class from the main hobby, as a pun (Barista of the North). Level equals age. Three to five stats from real traits, each a compliment with a twist. Inventory from objects and obsessions in the facts. The companion is the giver. World (fantasy, space, cosy) from what they love, not from their age. Rewards are badges and titles; never invent achievements about their real life.\nOUTPUT: {THEME_JSON} + {""hero"":{""name"":"""",""class"":"""",""level"":0,""stats"":[{""label"":"""",""value"":0}]},""inventory"":[""""],""companion"":"""",""quests"":[{""title"":"""",""objective"":"""",""reward"":""""}],""world"":""""}","Kids 9 to 12 and teens who game.\nAdults who play tabletop or video games.\nA milestone that feels like levelling up, or a birthday for the hero of a friend group.","Riley, 9, space and a rabbit called Bean, from a parent. Star Chart palette; Fredoka + Nunito; quest board; stars-and-planets motif; sparkle pickup; collect three stars. Class 'Rabbit Ranger', level 9.","Dev, 45, tabletop player, from his group. Parchment & Ember palette; Cinzel + Lora; journal spread; runes-and-borders motif; scroll unroll; accept a quest. Class 'Dungeon Master of Snacks'. Differs on all 6 axes.","Main hobby: the hero's class.\nObsessions and objects: inventory items.\nCatchphrases: dialogue lines.\nThe giver: the companion.\nAge: level, and how much reading fits in each dialogue box.\nWhat they love (fantasy, space, cosy): the world.","A hero sheet (name, class, level equal to age, three to five stats) opens the card and returns at the end with 'level up'.\nScenes are quests with an objective and a reward (badge, item or title).\nDialogue boxes carry the giver's voice as a companion character.\nEvery activity is skippable. Scores are session results, never claims about their life.","Stat numbers are jokes, never measurements: do not rank weight, looks or money. Keep games skippable and untimed for under 9s. Invent the world: no third-party creatures, spells or names. Dialogue boxes need a text-size floor so reading stays comfortable."
T04,"Neutral. Paper colours span kraft, rose, sage, linen and evening.","{THEME_PREAMBLE}\nTHEME: Memory Box. The card is a box of keepsakes and each scene is one object.\nKIT: {KIT}\nDERIVE: Objects from real photos, places and dates in the facts. With fewer than 3 photos, design objects (tickets, recipe cards, maps) from facts instead of leaving gaps. The last object is always the giver's letter, unfolded last. Handwriting only for labels of 6 words or fewer. Accent from a fact if one exists. Never expose the letter in a share tile without separate approval.\nOUTPUT: {THEME_JSON} + {""objects"":[{""kind"":"""",""label"":"""",""fact"":"""",""scene"":0}],""lid_text"":"""",""letter_object"":""""}","Parents, partners and quieter friends: anyone for whom a roast would feel wrong.\nMilestones such as a 50th, a retirement or a first birthday away from home.\nPhoto-rich briefs, or no-photo briefs that are all memories.","Mum, 70, from her children. Kraft & Ink palette; Fraunces + Source Serif 4 + Caveat; open box with objects fanned; ticket stubs and stamps; lid lift; unfold the note. Objects: a crossword clipping, a bus ticket to the seaside, a recipe card.","Tom, 30, from his partner. Evening Box palette; Instrument Serif + Inter; timeline strip of small objects; keys and trinkets; slide out and settle; arrange three items. Objects: the front-door key, a concert wristband, a shopping list. Differs on all 6 axes.","Real photos and objects: the box contents.\nPlaces and years: labels on the objects.\nHow close the giver is: how personal the handwritten touches get.\nFewer than 3 photos: designed objects (tickets, recipes, maps) fill the box.\nFavourite colour: the accent.\nAge: text size.","A lid or opening gesture starts the card. The last object is always the real letter.\nEach scene is a physical-feeling object with subtle depth (paper grain, soft shadow, a fold).\nEditorial serif headings, clean body text, one restrained accent. Handwriting is decoration only, never body copy.\nNothing loud: one gentle surprise per scene at most.","A private letter must not auto-share: the share tile is a separate approval. Photos of children or third parties need the giver's consent. Handwriting fonts hurt legibility, so decoration only. The no-photo box must be as rich as the photo one."
T05,"Neutral. The palette comes from the person's own favourites, so pink, cobalt and lilac are equally available.","{THEME_PREAMBLE}\nTHEME: Technicolour. Every scene is a poster with one dominant graphic idea in a tight palette.\nKIT: {KIT}\nDERIVE: Giant numeral from the age or milestone. Palette from favourite colours in the facts, else from their mood: 3 to 4 colours only, and change composition, not colour, between scenes. 'Main character' title from their best-known trait. Taste profile from 4 to 6 favourite things. Each scene must also work as a standalone share tile.\nOUTPUT: {THEME_JSON} + {""numeral"":"""",""poster_titles"":[""""],""taste_tags"":[""""],""award"":{""title"":"""",""fact"":""""}}","Outgoing friends and big milestones (30, 40, 50).\nMusic, art and fashion lovers.\nA card meant to be shared on social feeds.","Jo, 40, musician, from friends. Cobalt Pop palette; Abril Fatface + Poppins; giant numeral; circles and arches; scale pop; tap to reveal. Poster: 'FORTY. STILL THE PLOT TWIST.'","Mira, 7, dinosaurs and pink, from a parent. Pink Punch palette; Bowlby One + Figtree; stacked words; stars and bursts; colour wipe; flip the award. Poster: 'SEVEN. ROAR.' Differs on all 6 axes.","Age or milestone: the giant numeral.\nFavourite colours: the palette.\nTaste in music, food or films: the taste-profile poster.\nBest-known trait: the 'main character' poster title.\nNumber of scenes: how compositions rotate.","Each scene is a full-bleed poster with one dominant graphic idea (a huge numeral, a shape, a headline).\nA tight palette of 3 to 4 saturated colours holds every scene together. Scenes change composition, not colour.\nOversized type plus one short line of small print per scene.\nEvery scene is designed as a shareable tile first.",Saturated fields make small text fail contrast fast: keep body copy on the ink colour and check every scene. Giant numerals and short lines must survive long names. Stay at 4 colours or the scenes stop feeling like one card. Avoid look-alikes of real brands' posters and logos.
T06,"Neutral. Ferric, chrome, neon and mint palettes cover the range.","{THEME_PREAMBLE}\nTHEME: Mixtape. Sections are tracks and the player is the navigation.\nKIT: {KIT}\nDERIVE: Medium from era and taste (cassette, vinyl or playlist screen; never assume a medium from age alone). One track title per scene from catchphrases, habits and memories, each with a made-up duration. J-card lettering from the giver's tone. 'Featuring' credits from voice notes or named friends. Never quote lyrics: songs are named by title only, and only if the giver named them.\nOUTPUT: {THEME_JSON} + {""medium"":"""",""side_a_title"":"""",""side_b_title"":"""",""tracks"":[{""title"":"""",""duration"":"""",""scene"":0}],""liner_notes"":"""",""featuring"":[""""]}","Music lovers, musicians and DJs, and friends with a shared soundtrack.\nCards that include a made-for-them song, voice notes or beat pads.\nRecipients who remember tapes, or who simply like the look.","Jamie, 40, from friends. Ferric Brown palette; Permanent Marker + Space Mono; cassette front with a J-card; cassette-reel motif; reel spin; press play. Track 3: 'Ten Minutes Out (Extended)'.","Zoe, 15, from her brother. Neon Side B palette; Bebas Neue + Courier Prime; playlist screen with cover thumbnails; waveforms and EQ bars; EQ bounce; tap the pads. Track 4: 'Sorry I Ate Your Fries'. Differs on all 6 axes.","Music taste and era: the medium and label art.\nA song they love (title only, never lyrics): the cover inspiration.\nCatchphrases: track titles.\nAge: the year on the label.\nNumber of voices: 'featuring' credits.\nThe giver's tone: J-card lettering.","Opens on the cassette (or sleeve or playlist) with a title and a tracklist. Each scene is a numbered track with a title and a duration.\nThe transport buttons are the navigation: play, next and back.\nLiner notes (short credits and a dedication) close the card.\nEvery track has a visual fallback because sound is opt-in.","Sound needs an opt-in and a full visual fallback. Synthesized tracks need a sensible volume and length. Never reproduce lyrics or a real recording. Cassettes and vinyl mean little to some kids, so the playlist layout is the fallback."
T07,"Neutral. Pixel worlds read 'gamer' by default: use Candy Cabinet or Sunset Sprite palettes and sprites from the person's own interests (pets, baking, dance).","{THEME_PREAMBLE}\nTHEME: Arcade Cabinet. An attract-mode arcade machine that ends on a high-score table.\nKIT: {KIT}\nDERIVE: Grid and colour limit from an era they loved, else 16 colours. 5 to 8 simple 16 by 16 sprites from favourite things, as rows of palette indexes a renderer can draw. Level titles from habits. Score is age x 1000 unless a joke number is in the facts. Three-letter initials for every named person, recipient first. Lives never run out. No third-party game characters, mazes or mechanics.\nOUTPUT: {THEME_JSON} + {""grid"":"""",""logo_text"":"""",""levels"":[{""title"":"""",""sprite"":"""",""scene"":0}],""sprites"":[{""name"":"""",""rows"":[""16 strings""]}],""score"":0,""high_scores"":[{""initials"":"""",""score"":0}]}","Gamers of any age and kids who like simple games.\nRetro-loving adults and friend groups with in-jokes to turn into bosses.\nCards that lean on games (Catch Game, Tap Challenge, Perfect Timing).","Sam, 16, from friends. Cabinet Night palette; Silkscreen + Pixelify Sans; attract screen; pixel icons of favourite things; sprite bob; insert coin. 'LEVEL 3: GROUP CHAT'.","Ada, 8, cats and pizza, from her dad. Candy Cabinet palette; Pixelify Sans + DM Mono; level-select map; coins, stars and hearts; score count-up; pick a level. 'LEVEL 2: PIZZA CAT'. Differs on all 6 axes.",Favourite things: sprites (simple 16 by 16 icons) and level names.\nCatchphrases: boss lines.\nAge: starting level and score.\nConsoles and eras they loved: grid size and colour limit.\nGiver and friends: the other high-score initials.,"Starts on an attract screen (logo and a blinking start prompt) and ends on a high-score table with the recipient first.\nPixel art on a fixed low-resolution grid, scaled with crisp edges. Headings in pixel fonts.\nScenes are levels on a level-select screen, each with a title card.\nGames are tiny, forgiving and skippable. Lives never run out.","Games are forgiving, skippable, untimed for under 9s and never end in 'game over'. No recognisable characters, mazes or mechanics from real games. Pixel fonts are hard to read at length: body copy uses the text face. No screen flashing."
T08,"Neutral by design: the sport comes from the person's own life (or is invented) and colours are plain. The loud broadcast voice is a tone choice, not part of the theme.","{THEME_PREAMBLE}\nTHEME: Game Day. A broadcast and match programme with the recipient as the star player.\nKIT: {KIT}\nDERIVE: Sport from the facts; if none, invent one for their hobby (Competitive Napping). Position from their role in the group. Stats from habits, each with label, value and unit (coffees per game: 3.2). Roster from named friends, with jersey numbers from birthdays or jokes. Final score: the giver's side wins by the recipient's age, or a kind joke score. Invented teams and colours only: no real clubs, crests, leagues or players.\nOUTPUT: {THEME_JSON} + {""sport"":"""",""position"":"""",""jersey"":"""",""stats"":[{""label"":"""",""value"":"""",""unit"":""""}],""roster"":[{""name"":"""",""number"":""""}],""ticker_lines"":[""x8""],""final_score"":""""}","Sports fans and players, and team-mates or coaches giving a card.\nFriends who compete about everything (board games, quizzes, fantasy leagues).\nRetirements and 'career highlight' birthdays.","Rob, 50, weekend footballer, from his team. Grass & Chalk palette; Anton + Inter; broadcast frame with lower thirds; field markings; ticker crawl; vote the player of the match. Position: 'Left back, mostly stationary'.","Lena, 12, swimmer, from her family. Ice Rink palette; Big Shoulders Display + DM Sans; line-up card; whistle, stopwatch and medal icons; lower-third slide; kick off. 'Career best: 50 m freestyle, one snack break'. Differs on all 6 axes.","Sport they play or watch: vocabulary and field graphics (or an invented sport).\nRole in the group: their position.\nHabits: career 'stats'.\nGiver and friends: the roster.\nAge: the season number.\nTheir team's colours: used as plain colours, never crests.","Opens with a broadcast-style intro and closes on a final scoreboard where the giver's side wins.\nOne ticker or scoreboard strip carries short lines through every scene.\nStats, line-ups and replays are the core formats: numbers and short labels beat paragraphs.\nInvented teams, leagues and colours only: never real clubs, crests or players.","No real clubs, crests, leagues, players or famous commentators' catchphrases. Stat jokes are never about body, health or money. Keep sound opt-in and limit the ticker to one moving element."
T09,"Neutral. The character kit is built from what the giver says, so any hair, clothes or pronouns work. The hero is never assumed.","{THEME_PREAMBLE}\nTHEME: Comic Book Issue. Each scene is a page of panels; captions and bubbles carry the text.\nKIT: {KIT}\nDERIVE: Character kit (hair, glasses, clothes, colour) only from appearance details the giver volunteered: never guess. Genre from tone: adventure, sci-fi, noir or slice-of-life. Origin story from a hobby or a memory. The sidekick is the giver. Issue number is the age or years known. Sound effects are original words. The last panel is 'to be continued' with a warm hook for next year. No known characters, costumes or logos.\nOUTPUT: {THEME_JSON} + {""cover"":{""title"":"""",""issue"":"""",""tagline"":""""},""character"":{""parts"":{""hair"":"""",""glasses"":"""",""top"":"""",""colour"":""""}},""genre"":"""",""pages"":[{""layout"":"""",""panels"":[{""caption"":"""",""bubble"":"""",""sfx"":""""}]}],""next_issue"":""""}","Kids 6 to 12 and teens who love cartoons and graphic novels.\nStory-heavy cards: an anecdote told in panels, or an 'origin story' for a milestone.\nFriend groups with a running gag.","Kai, 11, dinosaurs and skateboarding, from his sister. Sunday Funnies palette; Luckiest Guy + Patrick Hand; six-panel page; speed lines and impact bursts; bubble pop-in; tap to reveal the next panel. Issue #11: 'The Kid Who Never Landed It (Yet)'.","Marcus, 38, ex-drummer, from his bandmates. Noir Ink palette; Bebas Neue + Special Elite; splash page with one big panel; ink splatter and cross-hatch; page turn with a curl; choose the sound effect. Issue #38: 'One More Encore'. Differs on all 6 axes.","Appearance details the giver volunteers (hair, glasses, favourite hoodie): the character kit. Never guessed.\nHobbies and memories: the origin story.\nCatchphrase: the recurring bubble.\nThe giver: the sidekick.\nTone: genre (adventure, sci-fi, noir, slice-of-life).","Every scene is a page or spread of panels with gutters. Captions and bubbles carry the text, and the text is live.\nA cover (issue number equal to the age, or the years known) opens the card. A 'next issue' teaser closes it.\nInk line, halftone and lettered sound effects. Structure comes from panels, not from single-idea posters, which keeps it apart from Technicolour.\nCharacters are original cartoon figures built from a simple parts kit, never a known character.","Never draw the recipient's body from a guess: volunteered details only, and nothing about weight or looks. No known characters, costumes, logos or trademarked sound effects. Bubble text stays live and at least 16 px on phones. Character art is the costly part: fall back to icon-and-initial avatars until the kit exists."
T10,Neutral. The site picks colours from what the child loves and never defaults to pink for girls or blue for boys.,"{THEME_PREAMBLE}\nTHEME: Storybook. A picture book with the recipient as the hero.\nKIT: {KIT}\nDERIVE: Plot from a real milestone or hobby in the facts. Companion from a favourite animal or toy. Setting from a place they love. A refrain of 4 to 8 words that returns on every spread. At most 3 lines per spread, 8 words or fewer each for under 8s; rhyme only when it reads naturally. The hero is an original simple character built from volunteered details only. The giver appears as a helper. Never scary or sarcastic, and no teasing about body, behaviour or bedtime fights.\nOUTPUT: {THEME_JSON} + {""title"":"""",""refrain"":"""",""hero"":{""look"":""""},""companion"":"""",""spreads"":[{""layout"":"""",""picture"":"""",""lines"":[""""]}],""read_aloud"":true}","Kids 3 to 8 from a parent, grandparent or older sibling.\nA first birthday, or a milestone such as a first year at school or a new baby sister.\nA grown-up who wants to read it aloud together.","Theo, 4, trucks and a stuffed bear called Bruno, from his grandparents. Sunny Day palette; Baloo 2 + Quicksand; full-page picture with a text band; toys and blocks; bounce-in characters; tap anywhere to turn the page. Refrain: 'And Theo said, VROOM!'","Ines, 7, the sea and a first swimming badge, from her dad. Sea Glass palette; Grandstander + Patrick Hand; spot illustration with a rhyme couplet; sea and boats; gentle sway; lift the flap. Refrain: 'One more splash for Ines!' Differs on all 6 axes.","Age: line length and vocabulary (picture-first for 4 to 8).\nFavourite animal, colour or toy: the companion and palette.\nA milestone (first year at school, new sibling, lost tooth): the plot.\nPlace: the setting.\nWho reads: read-aloud mode with word highlighting when a grown-up will read.","Every scene is a picture-book spread: one large illustration area, three short lines at most, and a refrain that returns ('...and that was Theo!').\nThe recipient is the hero, drawn as a simple original character. The giver appears as a helper.\nBig controls: Next and Back at least 56 px, plus tap anywhere to turn the page.\nRhythm and repetition, never sarcasm.","Child-appropriate content rules apply whatever the theme: nothing scary, no teasing. Keep illustration simple and original with template shapes, because generated faces look uncanny. Recorded voice and photos of children need the giver's consent. Tap targets at least 56 px."
T11,"Neutral. The default sticker look can read girl-coded: use sports, space, dinosaur or gadget sets and the Night Sticker or Sky Pool palettes when the child asks for them.","{THEME_PREAMBLE}\nTHEME: Sticker Book. Each scene is a page and every fact is a die-cut sticker that reveals a short message.\nKIT: {KIT}\nDERIVE: One sticker per fact, each with an icon described as a simple shape list, a label of 3 words or fewer and a hidden line of 12 words or fewer. Page count equals scene count, with 3 to 6 stickers per page (3 for under 8s). Backgrounds are plain, dotted, ruled or grid only. One sticker style per card. The final page has a star sticker signed by the giver. Nothing is required to finish: stickers can auto-place.\nOUTPUT: {THEME_JSON} + {""pages"":[{""background"":"""",""stickers"":[{""fact"":"""",""icon"":"""",""label"":"""",""reveal"":""""}]}],""final_sticker"":{""text"":"""",""signed_by"":""""}}","Kids 4 to 12 and teens who collect things.\nCrafty, journalling friends and relatives.\nCards with many small facts and few photos.","Maya, 6, dogs and pancakes, from her aunt. Bubblegum Dots palette; Chewy + DM Sans; sticker sheet beside the page; animals and pets; wiggle on placement; drag stickers onto the page.","Leo, 14, skater and ramen fan, from his cousin. Night Sticker palette; Caveat Brush + Work Sans; bullet-journal grid; sports and hobby gear; slide from the tray; tap to place the next sticker. Differs on all 6 axes.",Every fact: one sticker.\nFavourites: the sticker set.\nAge: sticker size and how many to place (fewer when younger).\nFavourite colours: palette.\nPhotos: die-cut 'photo stickers'.\nThe giver's handwriting style: the note.,"Every scene is a page with a sticker tray. Each sticker is one real fact (an icon and a short label) that reveals a line when placed.\nDie-cut look: a thick white outline, a slight shadow, a glossy highlight.\nPage backgrounds are plain, dotted, ruled or grid so the stickers carry the colour.\nThe final page is a complete collection with a star sticker signed by the giver.","Drag needs a tap alternative for small hands and motor difficulties. Keep stickers original: no licensed characters or brand logos. Icons are template shapes, so hold one style per card. Photo stickers of children need consent."
T12,"Neutral. The editor's voice is set by the giver, and old-school 'newspaperman' clichés are left out.","{THEME_PREAMBLE}\nTHEME: Front Page. A newspaper about the recipient: a front page plus inside pages.\nKIT: {KIT}\nDERIVE: Paper name from a place or a joke (The Kettle Gazette). Dateline from the birthday and their town. Banner headline from the best-known trait or event, in straight news style. The giver is 'the editor' and named friends are correspondents. Choose 3 inside features from letters to the editor, classifieds, crossword, forecast, scoreboard. Every story is affectionate: no jokes about health, money, romance or death unless the facts say they are welcome. No real news events, outlets or journalists.\nOUTPUT: {THEME_JSON} + {""paper_name"":"""",""dateline"":"""",""banner"":"""",""standfirst"":"""",""stories"":[{""headline"":"""",""byline"":"""",""body"":""""}],""features"":[{""kind"":"""",""content"":""""}],""editor_note"":""""}","Adults and seniors who read newspapers, or who enjoy a deadpan 'local hero' joke.\nMilestone birthdays (40, 50, 60) that call for a headline.\nCards for colleagues and friends with many shared stories.","Gary, 60, retiring teacher, from colleagues. Broadsheet Grey palette; Old Standard TT + Libre Baskerville; front page with masthead, banner and columns; column rules and drop caps; press roll-in; tap a headline to read the story. Banner: 'LOCAL TEACHER STILL TALKING ABOUT ROCKS'.","Dani, 27, from her housemates. Tabloid Yellow palette; Special Elite + Courier Prime; classifieds grid; EXCLUSIVE stamps; stamp thud; cut out the coupon. Classified: 'WANTED: someone to finish the oat milk. Apply within.' Differs on all 6 axes.","Birthday date and place: the dateline.\nBest-known trait or event: the banner headline.\nThe giver: the editor. Friends: correspondents.\nEra of the recipient's youth: the paper's style (Victorian broadsheet, mid-century tabloid, modern digital).\nTone: straight-faced or sensational.","A masthead with an invented paper name and a dateline built from the birthday and the place.\nA banner headline, a picture with a caption, and body copy with column rules and a drop cap (one column on phones).\nInside pages use newspaper furniture: letters to the editor, classifieds, a crossword, a forecast, a scoreboard.\nStraight-faced news writing used for affectionate exaggeration.","Small serif text in columns can fail readability: body 17 px or larger and a single column on phones. Never imitate a real paper's masthead or fonts, and never mimic real news events or people. Keep headlines kind."
T13,"Neutral. Velvet, silver, blue, dusk, noir and popcorn palettes cover the range.","{THEME_PREAMBLE}\nTHEME: Premiere Night. The recipient stars in an invented feature and the giver is the director.\nKIT: {KIT}\nDERIVE: Genre from tone and personality. Title: a pun on the name or a habit. Tagline from a catchphrase. Cast from named friends with invented roles. One film-style title card per act, one scene per act. Era look from their taste. Credits list the giver, friends and pets. Invented titles, studios, awards and quotes only: no real films, actors, studios or lines.\nOUTPUT: {THEME_JSON} + {""film_title"":"""",""tagline"":"""",""genre"":"""",""cast"":[{""name"":"""",""role"":""""}],""acts"":[{""card"":"""",""scene"":0}],""credits"":[""""],""post_credits"":""""}","Film buffs, drama-loving friends, the friend who 'should have their own movie'.\nBig birthdays (40, 50, 60) that deserve a red carpet.\nA giver who wants to 'direct'.","Elena, 50, film buff, from her book club. Velvet & Gold palette; Limelight + Josefin Sans; marquee front with a title sign; marquee bulbs; curtain rise; take your seat. Title: 'ELENA: THE DIRECTOR'S CUT'.","Finn, 13, from his little sister. Drive-In Dusk palette; Cinzel + Libre Baskerville; ticket stub and seat map; popcorn, tickets and stars; credits roll; vote on the cast. Title: 'FINN 13: THE SEQUEL NOBODY ASKED FOR'. Differs on all 6 axes.","Tone and personality: genre (comedy, adventure, drama, documentary).\nTheir best story: the plot of the feature.\nCatchphrases: the tagline.\nFriends: the cast. The giver: the director.\nEra of their taste: the film-stock look (silent, saturated colour, 80s, modern digital).","Opens with a marquee or curtains rising and closes with rolling credits and a post-credits scene.\nEach scene is a still, poster or reel with a film-style title card and a tagline.\nLetterboxed frames and cinematic type. Light comes from spotlights, projector beams and marquee bulbs.\nInvented film titles and studios only: no real films, actors, studios or quotes.","No real films, actors, studios, awards or famous lines. Film grain and light beams lower text contrast: keep text on solid panels. Dark themes need larger text for older eyes. The credits must be skippable."
T14,"Neutral. Six neon pairs are in the kit, from magenta and cyan to lime and lilac.","{THEME_PREAMBLE}\nTHEME: Neon Night Drive. A synthwave night drive where each scene is a stop along the road.\nKIT: {KIT}\nDERIVE: Neon pair from favourite colours or the era they love. Station name from the recipient's name (NAME FM). One billboard per scene from catchphrases or places. Vehicle silhouette from their real vehicle or hobby, in original shapes with no real models. 'Now playing' lists track titles only, never lyrics. Text sits on solid panels; glow is for shapes and headings only. Cut road motion when reduced-motion is on.\nOUTPUT: {THEME_JSON} + {""station"":"""",""vehicle"":"""",""billboards"":[{""text"":"""",""scene"":0}],""now_playing"":[""""],""horizon"":""""}","Adults 30 to 50 who grew up with 80s and 90s pop culture.\nTeens who like retro-futurism, and music-led cards.\nNight owls and road-trip people.","Carlos, 44, road-trip fan, from his wife. Sunset Grid palette; Monoton + Space Grotesk; windshield view; grid horizon and sun stripes; road scroll; turn the key. Station 'CARLOS FM'.","Nia, 17, from her friends. Ice Neon palette; Bungee + Work Sans; dashboard radio with a now-playing display; stars and satellites; sun rise; change the radio station. Billboard: 'NEXT EXIT: FINALS SURVIVED'. Differs on all 6 axes.","Age and era (80s and 90s nostalgia): the grid, car and chrome.\nFavourite colours: the neon pair.\nRoad trips and places: billboard names.\nMusic taste: the station and 'now playing'.\nTheir real vehicle (car, bike, scooter): the silhouette.","One continuous scene: the road or horizon moves forward as the recipient advances, and each scene is a stop or billboard along the route.\nNeon-tube and chrome type on a dark sky, with a horizon grid, sun and stars.\nA dashboard radio: the station is the card title, tracks are scenes, volume is the sound opt-in.\nLight-on-dark with glow, but glow never lowers text contrast: text sits on solid panels.","Glow and motion can hurt legibility and trigger motion sensitivity: text on solid panels, honour reduced-motion, nothing flashing. No real car brands, songs, lyrics or logos. Check every neon colour against its panel for contrast."
T15,"Neutral. The engineer stereotype skews male: draw the assembly from the person's own craft (knitting, baking, dance) and use Drafting Vellum, Whiteprint or Cyanotype Green.","{THEME_PREAMBLE}\nTHEME: Blueprint. The recipient is drawn as a well-engineered assembly on technical drawing sheets.\nKIT: {KIT}\nDERIVE: Assembly from a hobby or tool (a bicycle for a cyclist). Parts from real traits, each numbered with a note in technical voice. Tolerances from habits (Tolerance: plus or minus 10 minutes on arrival). Title block: drawn by the giver, checked by friends, revision equal to the age. Discipline from their work or hobby. Drawings are simple SVG parts, never traced photos. At least one note per sheet says what the recipient does well.\nOUTPUT: {THEME_JSON} + {""assembly"":"""",""sheets"":[{""title"":"""",""scale"":"""",""parts"":[{""n"":1,""label"":"""",""note"":""""}]}],""title_block"":{""drawn_by"":"""",""checked_by"":"""",""revision"":""""},""revision_table"":[{""rev"":"""",""note"":""""}]}","Engineers, makers, architects and DIY people.\nAnyone described as 'well built': dry-humour cards for colleagues and partners.\nA quieter alternative to Firmware for people who like drawings.","Hana, 36, architect, from her partner. Drafting Vellum palette; Barlow Condensed + DM Mono; floor plan of a 'home' (their life rooms); dimension lines and arrows; dimension pop; tap a callout to read its note. Room: 'Kitchen (bagels, 2 a.m.)'.","Ollie, 10, Lego and rockets, from his mum. Classic Blueprint palette; Architects Daughter + B612 Mono; exploded view with numbered parts; gears, bolts and fasteners; exploded view (parts drift apart); drag the exploded view apart. Differs on all 6 axes.","Hobby or tool: the assembly being drawn (a bike, a kettle, a guitar, a heart).\nHabits: tolerances and notes.\nAge: the revision number.\nWork or hobby: the discipline (mechanical, architectural, electrical).\nTone: how dry the notes are.","Every scene is a drawing sheet with a title block (sheet number, scale, drawn by, date) and a revision table.\nLine art only: thin strokes, dimension arrows, callout bubbles and hatching, in one ink on one paper colour plus one highlight.\nTechnical voice: notes, tolerances, 'DO NOT SCALE'.\nDrawings are inline SVG built from simple parts, never traced from photos.","Thin lines vanish on small phones: minimum stroke 1.5 px, tested at 320 px width. The technical voice must not swamp the affection. Keep SVG parts simple and never promise accurate engineering drawings of real objects."
T16,Neutral. Six palettes run from navy and teal to kraft and sunset.,"{THEME_PREAMBLE}\nTHEME: Passport. A travel passport and journal where each scene is a destination.\nKIT: {KIT}\nDERIVE: Destinations from real places in the facts (where they lived, met, holidayed, dream of), in story order. Invent 'places' only for habits and mark them as jokes (Snack Cove). Visa categories from habits. 'Valid for' equals the age. Style from their travel taste. Departure and arrival cards use the birthday date. No real airline, airport or visa-authority logos, and no layouts that could pass as an official document.\nOUTPUT: {THEME_JSON} + {""cover"":{""country"":"""",""holder"":"""",""valid_for"":""""},""stops"":[{""place"":"""",""stamp_text"":"""",""postcard"":"""",""scene"":0}],""visas"":[""""],""arrival"":""""}","Travellers, expats and couples who met abroad, and friends spread across cities.\nRecipients who moved country, or who love trips.\nGifts framed as 'a journey', and milestones such as 30, 40 or 50.","Noor, 33, moved from Cairo to Toronto, from her sister. Passport Navy palette; Yellowtail + Josefin Sans; passport page with stamps; visa stamps; stamp thud; tap to stamp the page. Stamp: 'TORONTO: FIRST WINTER SURVIVED'.","Bill, 68, retired and loves the coast, from his kids. Airmail palette; Special Elite + Lora; postcard front and back; airmail stripes and postage stamps; page flip; flip the postcard. Postcard: 'Wish you were here (you always were).' Differs on all 6 axes.","Places they lived in, visited or dream of: destinations.\nHabits: 'visa categories' (Coffee, Snacks).\nAge: 'valid for N years'.\nTravel taste: the look (steamship, jet-age airline, backpacker journal, road-trip motel).","Opens on a passport cover (or a boarding pass) issued to the recipient. Every scene stamps a page.\nDestinations are real places from the facts, or invented places named for habits and marked as jokes. A route line links them in story order.\nEphemera are the visual language: stamps, tickets, luggage tags, postcards.\nEnds on 'Arrivals: home' with the giver's message as the last postcard.","Never mimic a real passport, visa or border stamp closely enough to pass as official: use invented country names and layouts. Real places are facts and come only from the giver. Sensitive geography (migration, war, loss) needs a gentle tone and a skip. Maps are simple line art, not accurate borders."
T17,"Neutral. Stripes, bulbs and booths come from the person's own favourites.","{THEME_PREAMBLE}\nTHEME: Carnival Midway. A night fairground where each scene is a booth and the prizes are the messages.\nKIT: {KIT}\nDERIVE: Booth names from habits and obsessions (Coffee Toss). The barker is the giver. A height-sign joke from the age. Stripes from favourite colours. Games are gentle, skippable and always won; prizes are messages or badges. Finale: the top of the Ferris wheel with the real message. No scary clowns and no side-show jokes about bodies.\nOUTPUT: {THEME_JSON} + {""gate_ticket"":"""",""booths"":[{""name"":"""",""game"":"""",""prize"":"""",""scene"":0}],""barker_voice"":"""",""finale"":""""}","Kids 5 to 12 and their parents.\nTeens and adults who love games and warm nostalgia.\nCards with several small games and a big finale, or a party-themed birthday.","Milo, 8, from his family. Ferris Blue palette; Chewy + Figtree; midway strip; balloons and pinwheels; prize drop; play the booth game. Booth: 'The Lego Toss'.","Sandra, 45, from her friends. Midway Night palette; Alfa Slab One + Work Sans; Ferris wheel with scenes as gondolas; string lights and bulbs; wheel turn; ride the wheel to the top. Booth: 'Coffee Cup Ring Toss'. Differs on all 6 axes.","Habits and obsessions: the booths (Coffee Toss, Snack Stack).\nFriends: barkers and side-show performers.\nAge: the 'you must be this old' sign.\nFavourite colours: the stripes.\nGames in the facts: which booths are playable.","Opens at the gate with an admit-one ticket for the recipient and closes at the top of the Ferris wheel or a fireworks finale.\nEach scene is a booth or attraction with a hand-painted sign and a prize. Games are gentle and always won.\nSign-painter lettering, striped awnings and string lights. The barker's voice is the giver's.\nPrizes are messages and badges, never invented claims about their life.","Games are gentle and always won. No scary clowns and no jokes about bodies. Plush and balloon shapes are original, never licensed characters. The bulb-chase animation stays brief and honours reduced-motion."
T18,"Neutral. Cases are about habits, not gender, and the palette range runs from manila to night.","{THEME_PREAMBLE}\nTHEME: Case File. An affectionate investigation of a 'person of interest'.\nKIT: {KIT}\nDERIVE: Case number from the birth date. 'Suspicious activities' from habits, each with an evidence tag. Witness quotes from catchphrases and named friends. Redaction bars hide a kind twist, never something hurtful. Tone (noir, procedural or cosy mystery) follows {tone}. The verdict is guilty of something lovable. No real agencies, forces, badges or seals, and no offence that could read as real: keep every charge comic and harmless.\nOUTPUT: {THEME_JSON} + {""case_number"":"""",""subject"":"""",""charges"":[{""label"":"""",""evidence"":""""}],""witnesses"":[{""name"":"""",""statement"":""""}],""redactions"":[{""line"":"""",""reveal"":""""}],""verdict"":""""}","Friends and colleagues who enjoy mock-serious humour, and fans of detective shows.\nCards built on habits and running jokes, or a team roasting a beloved boss.\nAdults and older teens.","Dee, 29, chronic latecomer, from her flatmates. Manila & Stamp palette; Special Elite + Courier Prime; folder open with clipped documents; rubber stamps; stamp thud; open the folder. Charge: 'Repeated arrival at the last minute'.","Uncle Ray, 62, always fixing things, from his nieces. Cosy Mystery palette; IBM Plex Mono + Lora; suspect board with photos and string; red string and pins; string draw; connect the pins. Charge: 'Possession of 14 screwdrivers, none the right one'. Differs on all 6 axes.","Habits: 'suspicious activities'.\nCatchphrases: witness quotes.\nFriends: witnesses and 'agents'.\nObjects they carry: evidence.\nAge: 'years at large'.\nTone: noir, comic procedural or cosy mystery.","Opens on a closed manila folder with a case number and closes with a 'CASE CLOSED' stamp and a verdict.\nScenes are documents: witness statements, evidence tags, a surveillance log, a suspect board with string.\nSome lines are redacted, and tapping a redaction reveals a kind twist.\nTypewriter and stamp lettering on manila and paper. No real agencies, forces, seals or badges.","Keep every offence comic and harmless: no crimes, weapons or drugs, and nothing that reads as a real accusation. No real agencies, police marks or seals. Redactions never hide something hurtful. Typewriter fonts strain reading at small sizes: body 16 px or more."
T19,"Neutral. Quiet by design, with palettes from white cube to plaster pink.","{THEME_PREAMBLE}\nTHEME: Gallery Wall. A small museum show where the recipient's life is the collection.\nKIT: {KIT}\nDERIVE: Exhibition title from the name and the span of years. Rooms by decade or by theme, whichever the facts support. Pieces from photos, objects, quotes and habits, each with a title, year, medium ('coffee on paper') and one warm line. The curator is the giver. Voice is reverent or wry per {tone}. Fill gaps with designed objects, never empty frames. No imitation of real artworks, artists or museums. Finish at a visitors' book.\nOUTPUT: {THEME_JSON} + {""exhibition"":{""title"":"""",""subtitle"":"""",""curator"":""""},""rooms"":[{""title"":"""",""pieces"":[{""title"":"""",""year"":"""",""medium"":"""",""label"":"""",""fact"":""""}],""scene"":0}],""visitors_book"":""""}","Parents and grandparents, and retrospective milestones (50, 60, 70, 80).\nPhoto-rich family cards, and quiet tasteful cards for people who would dislike a loud one.\nPartners marking a shared history.","Grandpa Joe, 80, from his family. Charcoal Room palette; Fraunces + Figtree; salon wall with many frames; frames and mats; slow fade between walls; tap a piece to read its label. Show: 'JOE: A RETROSPECTIVE, 1946 TO TODAY'.","Amara, 40, from her partner. Plaster Pink palette; Italiana + Inter; single framed piece with a wall label; abstract shapes as 'art'; frame lift; walk to the next room. Piece: 'Sunday, Slightly Burnt Toast (2019). Toast on plate.' Differs on all 6 axes.","Photos and objects: the pieces.\nYears: rooms by decade or by theme.\nQuotes: label lines.\nThe giver: the curator.\nTone: a reverent or a wry curatorial voice.\nNumber of photos: how many frames, with designed objects filling gaps.","Opens on an exhibition title wall ('NAME: A Retrospective, 1986 to today') and closes at a visitors' book.\nEvery scene is a wall of one to four framed pieces, each with a wall label (title, year, medium, one line).\nWhite space, slow fades and calm pacing. Refined type with one restrained accent.\nAn optional audio guide narrates, but the text is always on the page.","White space looks empty with too little content: switch to Vitrine or Single piece layouts below 4 pieces. Never imitate real artworks, artists or museum branding. Frames need real approved photos, and the designed-object fallback must be as good. Labels stay at 16 px or larger."
T20,"Neutral. Menu styles run from chalkboard to diner to izakaya, all picked from the person's own tastes.","{THEME_PREAMBLE}\nTHEME: Café Menu. A tasting menu in the recipient's honour where each scene is a course.\nKIT: {KIT}\nDERIVE: Menu style from what they love, never from assumptions about their background. Dish names from memories and habits; a real food or drink is named only if the facts mention it. Courses in order: amuse-bouche (opener), starter, main, palate cleanser (a game), dessert (the heartfelt part), digestif (sign-off). Prices are jokes ('priceless', 'three coffees'). The bill reads 'paid in full by everyone who loves you'. Pairings use only drinks the facts mention; alcohol only if the facts say so and never for under 18s. No real restaurants, chefs or brands.\nOUTPUT: {THEME_JSON} + {""menu_title"":"""",""style"":"""",""courses"":[{""course"":"""",""dish"":"""",""description"":"""",""tasting_note"":"""",""scene"":0}],""specials"":[""""],""bill"":{""lines"":[{""item"":"""",""price"":""""}],""total"":""""}}","Foodies, home cooks, bakers and coffee people.\nDinner-party friends, or a card that arrives before a meal out.\nPartners and families who share meals.","Marta, 55, baker, from her family. Bistro Paper palette; Playfair Display + Lora; menu card with dotted leaders; herb, spice and fruit icons; cloche lift; lift the cloche. Dish: 'Sourdough, 1998 (the year you opened)'.","Jin, 22, ramen fan, from his roommates. Izakaya Night palette; Amatic SC + Nunito; chalkboard specials; chalk doodles; chalk write-on; tap the bell. Special: 'Midnight Noodles (bring a friend)'. Differs on all 6 axes.","Food and drink they love: real dishes (only when the facts say so).\nMemories: dish names.\nHabits: the specials.\nTaste (not heritage): menu style (bistro, izakaya, diner, bakery, chalkboard café).\nAge: the 'vintage' on the pairing list.","Opens on a menu cover ('Tonight, in honour of NAME') and closes with the bill.\nScenes are courses in order: amuse-bouche (opener), starter, main, palate cleanser (a game), dessert (the heartfelt part), digestif (sign-off).\nEach dish has a name, a short menu-speak description and a tasting note that carries the story.\nMenu typography: small caps, dotted leaders, 'priceless' price jokes. No real restaurants, chefs or brands.","Only name foods and drinks the facts mention: never assume alcohol, diet or cuisine from age, culture or looks. No diet, weight or allergy jokes. No real restaurant or chef branding. Dotted leaders and small caps need larger sizes on phones."
